code,name,price,chg_pct,turnover,pe,pb,mktcap_yi,nmc_yi,amount_yi
603986,兆易创新,397.34,-4.726,8.43037,160.218,11.033,2788.3137180956,2656.1858505555997,226.92599877
603259,药明康德,161.7,4.444,4.64484,24.134,5.79,4824.735319635,3999.294157782,185.44519201
002384,东山精密,184.34,-5.597,6.67409,233.342,14.915,3376.3853244888,2555.5454641782003,171.51401199
600487,亨通光电,58.77,-1.26,9.29478,53.427,4.473,1449.4987294389,1442.0079052388999,135.01032196
002281,光迅科技,175.66,-9.003,9.05953,145.174,14.063,1454.1992688308,1381.2680719832,128.49754414
002428,云南锗业,101.1,1.019,17.97186,3370.0,44.943,660.3043200000001,660.219016875,119.74651575
600183,生益科技,136.93,-2.179,3.49883,98.511,18.552,3326.0347253309997,3302.4077098901,116.79755554
000636,风华高科,61.92,6.227,17.22795,247.68,5.739,716.4225802512001,716.4223016111999,115.89373068
600176,中国巨石,42.68,-3.831,6.66539,51.966,5.292,1708.5387555103998,1695.0733435504,113.93533037
601138,工业富联,68.58,0.587,0.72107,38.528,7.723,13609.078488367,13609.078488367,99.23711707
000657,中钨高新,72.53,8.238,9.61241,125.052,15.468,1652.6717713199998,1054.1887406771,96.00546035
600584,长电科技,78.08,0.424,6.86399,89.747,4.857,1397.174896256,1397.174896256,95.37810465
000725,京东方Ａ,5.87,-3.295,4.44335,36.688,1.598,2174.5020573568,2076.0507726679,92.60349621
603228,景旺电子,93.91,-1.095,9.62171,72.238,7.067,940.2232443626,922.1149847538,89.8764249
601899,紫金矿业,35.46,0.882,1.1702,18.185,4.78,9429.0674049612,7305.395847444,84.88576198
002407,多氟多,37.48,2.573,18.72587,208.222,5.087,446.1741268612,404.322000906,74.95856065
600522,中天科技,32.68,-2.94,6.61254,38.133,2.934,1115.3519462735999,1115.3519462735999,74.70552469
600519,贵州茅台,1350.66,3.165,0.44152,20.571,6.233,16884.352152067,16884.352152067,74.18482438
001309,德明利,394.5,-2.39,10.45972,128.084,13.511,894.89512215,651.03961803,68.73639699
600206,有研新材,51.5,6.913,15.60366,164.537,10.0,435.97496598,435.97496598,67.46405957
002463,沪电股份,121.28,-3.647,2.71974,61.021,13.9,2333.8680976736,2331.9845574208,64.01292607
603799,华友钴业,45.73,3.908,7.3595,13.692,1.714,865.9101335240999,863.2027711881001,63.50357417
002475,立讯精密,55.6,-2.439,1.45124,24.279,4.87,4302.227812136,4072.7418679119996,59.68412557
000938,紫光股份,37.34,-1.737,5.6072,63.363,6.878,1067.9538249516,1067.9511364716002,59.49059126
600276,恒瑞医药,54.15,-0.86,1.69242,45.504,5.649,3594.043731771,3454.2297313709996,59.06446702
000988,华工科技,103.0,-3.377,5.46693,70.068,8.861,1035.6677882099998,1035.13522671,56.89047611
002371,北方华创,751.42,-0.076,1.02685,98.294,13.877,5452.97378664,5448.6204198416,56.52107951
002156,通富微电,62.87,-2.858,5.82068,78.588,6.093,954.1131785744,954.0222119713999,55.74665671
600549,厦门钨业,61.1,5.29,6.15547,42.005,5.301,970.0149396859999,949.4524397800001,55.31433787
600105,永鼎股份,37.37,-4.179,8.777,233.855,16.465,546.3474575074,546.3474575074,48.27512522
601208,东材科技,44.84,-2.394,10.49697,147.451,7.44,452.9660316412,452.9660316412,47.60381153
600601,方正科技,12.97,0.777,8.75338,117.909,11.361,554.3044524439,540.8870393239,47.5733076
002185,华天科技,17.83,-0.834,7.91196,81.045,3.307,592.5664307328,592.4288082731,46.77905333
000831,中国稀土,58.33,1.993,7.62625,358.733,12.227,619.0100967231,619.0100967231,46.61339833
603993,洛阳钼业,20.82,-0.048,1.2867,21.916,5.012,4454.2953786432,3635.3473410432002,46.49971756
600667,太极实业,19.0,-2.714,11.55568,90.476,4.545,397.39301381999996,397.39301381999996,46.10702247
603127,昭衍新药,52.59,3.341,13.73566,131.475,4.606,394.08222889800004,330.1162198926,45.88564719
603256,宏和科技,154.11,-2.953,3.25281,670.043,50.299,1394.0581703895,1355.74805025,44.62903944
002636,金安国纪,64.42,-1.498,9.47311,155.981,12.296,468.9776,466.60399163140005,44.27717328
002409,雅克科技,150.8,1.358,9.11351,71.748,8.859,717.698938424,480.33230247600005,43.73940121
600396,华电辽能,17.21,-2.933,15.89876,891.71,16.513,253.45284320570002,253.45284320570002,41.10427338
601869,长飞光纤,341.85,0.933,2.91995,319.486,19.886,2830.193611698,1389.067526409,40.45677852
603629,利通电子,125.2,-1.727,8.95376,111.786,20.454,459.14345599999996,451.6256968,39.97982363
000977,浪潮信息,75.92,-2.654,3.51838,46.321,4.999,1114.867476476,1113.6187055968,39.25559304
002436,兴森科技,32.77,-3.047,7.62534,409.625,10.436,556.9830265951,497.4258022387,38.46646225
603186,华正新材,149.48,4.531,16.72593,76.656,10.008,234.37046630640003,234.37046630640003,38.45544077
002821,凯莱英,175.31,1.771,6.64839,55.478,3.523,632.4851185069999,555.8095874598,37.83074196
000021,深科技,39.89,-2.35,5.8864,55.006,4.701,628.016105242,627.930660862,37.04537852
002916,深南电路,368.38,-3.724,1.50872,75.026,13.871,2509.2815026609996,2449.02505191,36.94416502
002080,中材科技,56.36,-0.354,3.88373,52.031,4.625,945.7904519424001,945.7904519424001,36.9212232
002008,大族激光,95.07,-4.692,4.02546,82.67,4.736,978.8439599856,909.5607220674001,36.78453127
600111,北方稀土,43.91,-0.34,2.25872,70.515,6.205,1587.3754112222,1587.3754112222,35.5689288
600330,天通股份,23.39,1.651,12.30383,-171.985,3.72,288.50030990240003,288.50030990240003,35.52862389
000603,盛达资源,37.49,8.888,14.53652,48.688,6.887,258.6695078154,249.95196298910002,34.50210639
601168,西部矿业,42.2,-2.02,3.34161,27.582,4.485,1005.626,1005.626,33.6170415
000426,兴业银锡,40.84,3.445,4.69002,42.551,6.699,725.1696358076,724.9939114976,33.51022456
603019,中科曙光,86.45,-2.613,2.6103,58.02,5.608,1264.863595268,1264.810480388,33.24510883
002851,麦格米特,119.66,-3.81,5.49691,446.993,7.804,700.0233776304,588.3552033852,32.75327224
002714,牧原股份,40.24,4.601,2.48538,13.972,2.693,2323.0536483456,1320.072926368,32.52791532
600362,江西铜业,48.84,-1.493,3.2315,23.594,2.011,1691.1970414019997,1013.550832602,32.49764
600309,万华化学,77.99,2.998,1.32066,19.546,2.192,2441.4548211174,2441.4548211174,32.21770257
002354,天娱数科,8.27,2.989,23.65488,-280.339,9.949,136.83424731399998,134.4448755233,31.62421684
002594,比亚迪,91.19,1.277,0.98385,25.472,3.585,8313.9724595235,3179.44285065,31.20834206
002202,金风科技,21.82,0.092,4.35043,34.26,2.318,921.6306827754,733.9168086742,31.0226474
600378,昊华科技,48.28,-1.65,5.99739,43.115,3.352,622.811816536,517.8345572564,31.00432976
000063,中兴通讯,34.25,-1.297,2.24786,29.274,2.136,1638.3606987975,1379.46027196,30.93250528
600988,赤峰黄金,44.13,4.847,4.34836,26.112,5.869,838.6514528514,734.2840911114,30.78965367
600397,江钨装备,19.1,3.748,17.35737,-65.862,97.949,189.082337462,189.082337462,30.15095685
000858,五 粮 液,76.13,1.358,1.01541,33.002,2.309,2955.0681742065003,2954.9961445682998,30.01418348
605376,博迁新材,174.98,6.715,6.83113,208.31,26.004,457.74768,457.74768,29.82542034
000338,潍柴动力,32.01,6.169,1.92145,25.205,2.9,2765.7346207821,1586.5412530143,29.77841556
002415,海康威视,37.43,0.51,0.87402,24.211,4.067,3430.411421165,3385.9528756530003,29.41319446
600498,烽火通信,37.86,-3.443,6.0134,105.167,2.926,514.2022086852,481.4358832416,29.15553393
603083,剑桥科技,147.48,-4.716,7.04546,156.894,7.181,543.0956501004,406.43773250040005,28.84051399
600900,长江电力,27.99,0.865,0.42024,19.85,3.005,6848.654138708401,6848.654138708401,28.75570532
600703,三安光电,13.81,-4.097,4.13519,-197.286,1.974,688.9834861987,688.9834861987,28.69952319
603773,沃格光电,94.57,-0.526,13.433,-133.01,20.127,212.5523478281,212.4785832281,28.61695436
600118,中国卫星,69.33,0.946,3.55409,2311.0,12.962,819.8197172955,819.8197172955,28.44652597
002466,天齐锂业,48.98,2.319,3.9349,174.929,1.81,839.1343336258,722.809612751,28.4297386
002792,通宇通讯,34.1,-8.309,23.68362,426.25,6.333,178.62808622999998,115.19814836200001,27.63565147
600392,盛和资源,25.38,6.015,6.46183,53.019,3.457,444.86738346600004,444.86738346600004,27.50569348
600547,山东黄金,31.41,3.051,2.40586,33.415,4.524,1447.9788638025,1135.2966552927,27.08002232
002484,江海股份,65.66,-2.841,4.99727,82.085,8.691,558.4540196606,538.722089199,26.91462463
001232,C嘉立创,181.24,-8.599,32.80829,69.708,13.303,1006.896944,80.11994940759999,26.54599508
002460,赣锋锂业,54.04,2.31,4.02317,67.55,2.439,1133.0536559216,654.5422277352,26.42705209
600711,盛屯矿业,12.78,7.939,6.80888,20.056,2.21,394.9801562178,394.9801562178,26.05507729
002432,九安医疗,72.14,-0.661,7.50087,13.796,1.555,336.0958457534,335.647451648,25.68931526
600489,中金黄金,26.63,2.031,1.99852,26.108,3.936,1290.8393357932,1290.8393357932,25.52131152
601318,中国平安,53.27,-0.206,0.44317,6.936,0.947,9645.9408907365,5678.6166697141,25.22844314
001258,立新能源,14.48,10.03,18.76541,160.889,4.374,135.14666676320002,135.14496898320002,25.02488258
600961,株冶集团,30.71,4.456,10.98654,31.02,6.52,329.4792070913,230.8815874258,24.71247864
002938,鹏鼎控股,97.84,-3.52,1.0705,60.77,6.544,2267.4778661872,2260.912417676,24.45589859
002716,湖南白银,9.45,3.96,11.45316,78.75,6.571,266.78187704699997,219.473951193,24.37778947
600186,莲花控股,10.41,5.258,13.44187,57.833,9.885,186.6267991281,185.3280110931,24.3108023
001267,汇绿生态,42.63,-0.141,9.25891,387.545,20.384,334.6469613564,259.4276606754,24.21113184
002842,翔鹭钨业,42.22,10.005,22.98459,91.783,9.462,138.1321965684,113.34480796980002,24.02964399
603011,合锻智能,23.77,4.806,20.52708,-47.54,6.305,117.52231167490001,117.52231167490001,23.93902806
000960,锡业股份,40.64,0.744,3.6075,35.153,3.227,668.7035452928,668.7035452928,23.81722278
000630,铜陵有色,6.92,-0.575,3.09625,36.421,2.475,927.9354284919999,771.0948821884,23.7461889
000333,美的集团,85.29,2.144,0.40404,14.705,2.801,6506.1343499448,5871.6249498825,23.61616203
000962,东方钽业,58.45,5.926,8.30393,113.605,7.7,308.300467027,294.10738903000004,23.40475347
002167,东方锆业,18.08,4.994,17.00869,258.286,7.871,140.06093264,137.17530371040002,23.2978973
603459,红板科技,102.58,-2.841,28.31834,123.59,31.677,773.2004305704,81.0913959364,22.96450936
600110,诺德股份,10.37,-0.86,12.60583,-59.804,2.996,179.93826264839998,179.93826264839998,22.73719794
600150,中国船舶,34.69,-0.459,1.06518,27.976,1.746,2610.6380248072,2106.187007541,22.58063381
000807,云铝股份,27.81,2.506,2.34649,15.891,2.705,964.4389543305,964.4288581881,22.56992891
603538,美诺华,29.0,-0.685,22.3772,60.417,4.268,98.57917452,97.70678579,22.34864768
002491,通鼎互联,17.08,-1.043,11.01748,-275.04,8.335,210.0830606,200.9408831668,22.32239
600460,士兰微,31.92,-1.935,4.167,133.0,4.355,531.171732924,531.171732924,22.14013548
605499,东鹏饮料,129.84,5.733,2.50199,15.292,4.895,953.2843841040001,877.74034296,21.89452164
600030,中信证券,27.91,-0.143,0.63933,14.24,1.496,4360.7343743692,3398.4753768434,21.79546313
000506,招金黄金,19.94,9.983,12.35836,117.294,20.836,185.2461415434,185.18416802340002,21.60368274
600036,招商银行,38.92,0.309,0.26549,6.828,0.867,9815.5639079092,8028.7851717668,21.39458139
600267,海正药业,14.17,8.085,12.75454,30.804,1.869,167.24455600320002,167.24455600320002,21.37639134
002131,利欧股份,5.38,-1.465,6.72793,1034.615,2.824,364.3216942214,314.9881568252,21.13819932
002361,神剑股份,12.68,6.02,21.54547,905.714,5.503,120.5912340692,102.5836078052,21.13098182
601179,中国西电,14.08,0.071,2.89405,56.843,3.09,721.7242351616,721.7242351616,21.11427092
002155,湖南黄金,27.17,5.392,5.07094,28.6,4.873,424.5723625572,424.5342134319,21.00032446
002422,科伦药业,46.58,2.509,3.38705,43.533,3.007,740.9858866864,604.8947929378,20.50790465
600089,特变电工,21.48,0.703,1.85237,18.501,1.508,1085.3398442508,1085.3398442508,20.19724114
601398,工商银行,7.53,0.0,0.09853,7.53,0.681,26837.391158802,20301.799604187,20.00994764
600497,驰宏锌锗,10.76,2.967,3.69107,52.693,3.155,542.3449399708,542.3449399708,19.79921796
601600,中国铝业,10.01,1.624,1.49674,13.527,2.129,1717.2126298326998,1321.6543244905001,19.75971789
601991,大唐发电,6.33,-0.939,2.53715,20.063,3.181,1171.4747749032001,784.6724404098001,19.74509478
002709,天赐材料,39.33,0.0,3.30619,55.394,4.202,801.7663339152,593.4940337727,19.63665475
600869,远东股份,15.56,-3.713,5.61681,582.772,8.028,345.3312872776,345.3312872776,19.38958275
002149,西部材料,41.38,5.454,9.90211,195.465,5.426,202.0230665812,201.9920315812,19.34763036
601288,农业银行,6.47,0.0,0.09349,8.295,0.801,22643.902291583,20655.100437272,19.33606047
600744,华银电力,7.7,-2.284,12.10019,252.459,12.134,156.396569098,156.396569098,19.14828272
000100,TCL科技,4.86,0.0,1.97299,20.832,1.613,1010.9219149242001,977.5880394696,19.12539155
600141,兴发集团,33.07,5.084,4.70058,24.496,1.589,397.4153707099,397.4153707099,18.82763085
000792,盐湖股份,29.49,2.396,1.19789,18.412,3.491,1560.4847423409,1560.4708319079,18.75100754
600580,卧龙电驱,35.62,-2.784,3.30803,49.247,4.985,556.4262574182,554.8287004182,18.51280864
603893,瑞芯微,204.0,-0.643,2.14565,82.258,18.289,863.212842,863.1026820000001,18.47995473
002739,儒意电影,9.93,9.967,9.21433,40.847,2.753,209.6996257044,208.52130608640002,18.44633228
000703,恒逸石化,18.14,2.428,2.63921,226.75,2.622,693.2313734658001,689.7535273157999,18.365431
002378,章源钨业,28.79,6.511,5.63382,119.958,12.716,345.8881460414,344.07544213510005,18.22762343
603618,杭电股份,26.81,-3.038,9.76108,-62.349,6.851,185.3578026496,185.3578026496,18.18406545
002580,圣阳股份,20.99,10.01,19.76838,51.195,3.949,95.2671016307,94.94591412,17.95258446
601700,风范股份,7.03,9.161,22.62212,-20.737,3.722,80.05463819,80.05463819,17.8346278
000533,顺钠股份,12.5,3.05,20.36982,84.688,8.76,86.352,85.6128,17.42626767
000815,美利云,18.17,0.776,13.5156,189.666,8.979,126.3292934595,126.3292934595,17.26644037
002747,埃斯顿,34.42,-2.021,6.39036,688.4,10.288,333.1162275226,269.3036729576,17.21919387
603039,泛微网络,44.5,-2.369,12.26169,39.035,5.17,136.89941997,136.89941997,17.06353611
600172,黄河旋风,12.29,0.903,10.89631,-18.01,38.227,177.2444721004,157.70510892320002,16.90237328
002396,星网锐捷,29.76,0.541,7.49001,42.159,3.224,226.34098110719998,225.40673554560001,16.74333203
002261,拓维信息,25.98,-4.45,5.59568,512.426,12.531,327.33973160520003,297.7582039638,16.71987945
603306,华懋科技,74.91,2.574,6.65512,119.283,7.679,246.8252266227,246.8252266227,16.59153453
603738,泰晶科技,35.95,-1.856,11.95953,256.786,7.629,138.72655337400002,138.72655337400002,16.53069681
601958,金钼股份,24.66,3.788,2.09007,25.163,4.017,795.6806450400001,795.6806450400001,16.45934917
002837,英维克,54.73,-2.093,2.63378,101.352,20.147,697.4515864315999,618.6997433058,16.42079376
002240,盛新锂能,32.83,2.434,5.44547,-33.5,2.8,300.49097817759997,299.7079334326,16.32064291
002173,创新医疗,21.89,0.922,17.36807,-273.625,5.601,96.5971446528,92.12735528590001,16.31406385
002141,贤丰控股,6.72,9.984,23.89356,439.216,8.601,69.4132856256,69.4132856256,15.97271224
603399,永杉锂业,16.73,7.935,18.70235,-25.738,5.292,85.7062255777,85.7062255777,15.91645532
002028,思源电气,165.26,2.392,1.6139,40.906,8.024,1293.2806058332,1009.4171048486,15.88909184
002558,巨人网络,29.39,0.17,2.86245,31.266,3.424,558.5751632769,558.5722242769,15.87328195
002579,中京电子,14.73,-2.772,18.39342,368.25,3.756,90.23872272599999,85.9365719862,15.82626295
000975,山金国际,27.12,2.922,2.35202,25.334,4.63,751.9094406432,684.3019603704,15.82278677
601126,四方股份,45.73,-0.522,4.12987,45.73,7.369,380.97914515,377.31155342,15.76660426
000566,海南海药,6.16,2.838,19.30101,-18.588,1811.765,79.91769176160001,79.8789149928,15.69228412
603823,百合花,68.05,3.263,5.49972,170.125,11.314,283.338222572,283.338222572,15.43665677
002245,蔚蓝锂芯,17.15,-2.833,5.53325,27.823,3.738,292.86019037100004,275.53185849700003,15.37765215
002222,福晶科技,60.65,-2.288,5.39363,102.38,15.601,285.206625,283.934014541,15.33488501
002859,洁美科技,73.44,4.155,4.99454,144.0,10.836,333.1546576272,314.55468288,15.24254359
002353,杰瑞股份,145.63,0.351,1.52166,55.163,6.347,1491.0412495978999,1006.3595350245001,15.23636801
002971,和远气体,44.19,-2.622,21.55117,152.379,5.15,93.0751875,71.1479088774,15.14806485
600259,中稀有色,90.94,0.287,5.10352,239.316,8.354,305.954816554,305.954816554,15.13163323
002138,顺络电子,47.56,-4.479,4.08019,36.585,5.841,383.4850091624,364.47358117280004,14.83819152
002364,中恒电气,39.2,-2.196,6.65332,178.182,8.834,220.91746432,218.77693852,14.8312747
002050,三花智控,38.56,-1.431,1.03765,37.437,4.973,1622.610173336,1423.2669489152,14.82933311
600722,金牛化工,12.52,10.018,18.29212,177.841,6.753,85.17602343520001,85.17602343520001,14.7422922
601888,中国中免,56.13,0.555,1.34093,32.381,2.012,1166.2672562772,1095.9245228472,14.7385558
000651,格力电器,40.47,0.923,0.64583,7.783,1.491,2266.8889033827,2234.7572341278,14.41943206
001337,四川黄金,50.82,6.385,7.04582,45.784,10.152,213.444,213.444,14.39292632
605358,立昂微,43.9,-2.184,4.22686,-209.048,3.162,338.995524747,338.995524747,14.35970154
603678,火炬电子,51.12,1.731,6.09836,75.176,3.951,243.1096617672,243.1096617672,14.33515604
002241,歌尔股份,22.84,-1.932,1.97728,20.035,2.171,811.3387370552,718.4802441684,14.26151765
000811,冰轮环境,42.16,-0.284,3.45978,73.965,6.405,418.42871847600003,412.4916191096,14.22898985
000933,神火股份,27.25,1.565,2.31253,15.055,2.214,612.8536987274999,612.4626775775,14.17713657
600418,江淮汽车,23.78,-1.45,2.68209,-30.487,4.26,536.043574771,519.3575282998,13.97567361
002437,誉衡药业,3.43,9.936,19.41212,19.953,3.203,76.48447672180001,72.0352770893,13.83114692
002975,博杰股份,98.44,0.511,10.15835,102.542,8.706,204.8838965184,135.2113159916,13.6944825
603268,松发股份,180.01,-1.693,3.21311,60.814,17.39,1833.7923654941,419.87295057920005,13.65089895
000739,普洛药业,23.06,-1.495,4.91567,29.859,4.072,267.13708862560003,267.03012412379996,13.6396412
601212,白银有色,5.97,6.039,3.18263,-58.529,2.781,442.0650383067,442.0650383067,13.54874108
605589,圣泉集团,41.53,-2.006,3.86271,34.899,3.222,351.5051432194,351.31015986939997,13.50985283
002230,科大讯飞,43.37,-0.368,1.41614,120.472,5.526,1041.7820270416998,949.788661878,13.47014964
002812,恩捷股份,55.14,2.682,2.99573,367.6,2.115,541.0990308252,453.58763261519994,13.4403966
601606,长城军工,36.18,10.003,5.33789,3618.0,12.008,262.02583512,262.02583512,13.42889109
601601,中国太保,30.91,-1.779,0.62538,5.559,0.93,2973.6475437405,2115.8023137405003,13.39083112
603650,彤程新材,64.73,0.325,3.39423,68.862,9.23,398.78187538279997,397.8220926024,13.37834511
001389,广合科技,166.02,-2.226,5.20353,69.175,9.898,784.7917540728,252.94291541880003,13.28363775
601988,中国银行,5.82,0.867,0.10758,7.865,0.686,18752.762367575,12266.552964037,13.20287715
600938,中国海油,31.92,1.883,1.37498,12.42,1.812,15171.561311693002,954.408,13.20181469
601069,西部黄金,30.18,5.858,5.04973,58.5,5.23,274.9395353214,267.7534720974,13.17255038
600367,红星发展,32.86,-0.303,12.38445,121.704,4.503,112.09561439720001,105.80038760520002,13.04228419
603061,金海通,316.32,-0.12,4.6609,103.711,16.113,275.1984,275.1984,13.00515186
600353,旭光电子,27.13,-3.211,5.7788,139.2,11.628,224.8564674367,224.8564674367,12.84625872
601939,建设银行,10.09,0.199,1.32354,7.762,0.744,26395.478489212997,968.0000524454,12.83907552
002294,信立泰,36.06,0.083,3.15248,62.172,4.394,402.002842521,401.9124044016,12.81358076
600809,山西汾酒,123.4,2.645,0.85092,12.293,3.344,1505.435849948,1505.435849948,12.76983856
002049,紫光国微,67.35,0.193,2.25009,39.453,4.079,567.917880786,567.841228404,12.70959277
002192,融捷股份,70.51,1.468,6.93001,65.676,4.725,183.0828836353,182.70384866909998,12.68342953
600521,华海药业,18.15,3.419,4.67039,100.833,2.829,271.751273574,271.751273574,12.64448906
600160,巨化股份,44.0,1.64,1.06374,31.429,5.496,1187.88827564,1187.88827564,12.5527523
603296,华勤技术,79.8,-2.457,1.95985,19.851,4.519,1209.9287674739999,637.279648698,12.5251276
002317,众生药业,27.69,-3.114,5.78063,83.909,5.657,235.3457490813,210.89185972139998,12.38936431
002648,卫星化学,26.36,2.25,1.39014,16.684,2.505,887.975003884,887.404783046,12.36615456
002552,宝鼎科技,52.36,10.0,6.43438,168.903,12.973,203.1491193116,192.9483221204,12.3069087
603078,江化微,35.86,-1.402,8.9003,131.935,6.931,138.2895171328,138.2895171328,12.25327703
600887,伊利股份,26.31,0.382,0.73758,14.377,2.793,1664.2023914877,1655.9329095951,12.2407896
000963,华东医药,29.6,2.104,2.32071,15.192,2.017,519.106107008,518.891877008,12.15208341
600500,中化国际,5.28,-4.174,6.41751,-8.516,1.862,189.4625727984,189.4625727984,12.14820383
600989,宝丰能源,23.85,0.76,0.69326,15.288,3.356,1749.00636,1749.00636,12.14103142
603501,豪威集团,88.6,-1.292,1.13071,26.291,3.392,1114.326124094,1069.3695094939999,12.12366927
600031,三一重工,19.75,0.868,0.71496,20.083,2.005,1816.0133763075003,1673.6920323075,11.98225405
600879,航天电子,16.47,0.427,2.2272,238.696,2.602,543.3946003098,543.3946003098,11.93826904
601678,滨化股份,7.38,1.235,7.91509,67.091,1.521,177.78141596880002,150.7982171688,11.87310193
002957,科瑞技术,39.0,-5.592,7.15626,59.624,4.948,163.79316174000002,163.28467818,11.85174218
601628,中国人寿,37.62,-2.463,0.14888,6.903,1.777,10633.182020999999,7833.811986,11.78159104
600919,江苏银行,11.79,1.463,0.54159,6.699,0.819,2163.6211541877,2163.6211541877,11.73172622
002532,天山铝业,13.92,2.731,2.05917,13.257,2.057,644.320248168,571.6745573184,11.72222879
601211,国泰海通,18.23,1.787,0.47649,10.477,0.984,3213.7382825291,2460.4867281838997,11.68873129
002536,飞龙股份,39.11,-1.262,5.57805,70.929,6.401,224.79876079680002,212.91526043250002,11.6851459
600426,华鲁恒升,21.67,2.653,1.9368,13.864,1.744,595.9126513504999,595.8337721171,11.57235262
600352,浙江龙盛,13.83,5.011,2.57652,24.6,1.358,449.935796238,449.935796238,11.53974125
002738,中矿资源,54.41,2.39,2.94938,85.78,3.111,396.85831157570004,386.8634051424,11.41956746
000510,新金路,17.39,3.082,11.04672,-48.958,10.936,112.78173012709999,105.4895471688,11.41715696
601088,中国神华,44.74,1.821,0.15508,16.82,2.018,9703.8529076096,7378.090381067001,11.39251932
002195,岩山科技,6.99,-0.285,2.90539,428.834,3.998,396.0913414404,392.54675724630005,11.32586067
003031,中瓷电子,111.96,-3.366,2.9677,89.568,7.641,504.9987809364,380.8394368416,11.32118907
002273,水晶光电,26.75,-3.185,3.07874,31.105,3.648,371.99411911749996,365.4267683475,11.3009991
000408,藏格矿业,89.06,-1.044,0.80267,36.203,7.919,1397.2754799124,1397.2607850124,11.26378301
603005,晶方科技,32.89,-2.664,5.24426,57.702,4.603,214.4992741034,214.4992741034,11.2516272
002741,光华科技,25.01,-4.905,10.41035,113.682,5.907,117.197437731,107.5496514095,11.19842249
603936,博敏电子,15.28,-4.08,11.43232,1528.0,2.293,98.60917501120001,96.32481501119999,11.12658483
600875,东方电气,27.08,-1.132,1.80533,23.548,1.998,936.5239762808001,612.919673926,11.08259328
002379,宏桥控股,19.8,0.202,4.87352,14.444,4.936,2580.161403996,225.002003094,10.98978664
603002,宏昌电子,14.99,-0.399,6.43759,499.667,4.919,169.9983684991,169.9983684991,10.96187563
002896,中大力德,76.75,-2.811,7.22729,239.844,12.519,150.831149225,150.831149225,10.94898735
600196,复星医药,24.14,1.642,2.12841,19.008,1.312,644.6416390549999,511.403202355,10.91625884
000568,泸州老窖,90.74,2.369,0.81923,12.329,2.588,1335.6033875261999,1334.8399683138,10.89240909
605117,德业股份,85.55,0.861,1.00031,24.373,9.42,1089.249151298,1089.249151298,10.81787224
601020,华钰矿业,23.27,10.024,5.7963,21.953,4.437,190.8057852246,190.8057852246,10.7341597
000547,航天发展,16.4,2.628,4.20245,-20.0,6.949,262.14879611599997,260.615854168,10.68922272
601127,赛力斯,56.02,-1.408,1.21323,15.223,2.362,975.8600451772,872.3453401984001,10.67260254
601872,招商轮船,18.14,0.89,0.73171,24.514,3.25,1464.7212842628,1464.7212842628,10.64722741
002414,高德红外,14.14,0.569,2.19217,87.99,8.153,603.8820856712,480.5637977434,10.50849939
600096,云天化,30.14,0.133,1.88218,10.657,2.109,549.4494063233999,549.4494063233999,10.4709031
600188,兖矿能源,21.65,1.5,0.80441,25.808,2.841,2172.97846233,1290.63271233,10.41492658
002990,盛视科技,56.34,6.664,13.77605,170.727,5.912,147.52749454920001,77.7596583942,10.40129713
002309,中利集团,3.41,4.923,12.83804,-170.5,5.472,102.56138962850001,82.04911170279999,10.38395696
002498,汉缆股份,7.01,2.786,4.46578,42.127,2.646,233.20839959999998,233.20839959999998,10.33757233
600438,通威股份,12.72,-2.752,1.79075,-5.994,1.638,572.653247568,572.653247568,10.32227226
002602,世纪华通,14.14,2.687,1.07874,18.128,3.227,1042.2144803308001,961.0714264577999,10.18785115
601857,中国石油,10.88,1.021,0.05748,12.651,1.226,19912.682386598,17617.122066598,10.17431439
600673,东阳光,33.03,0.365,1.02428,367.0,10.012,994.0560359876999,991.4145832881,10.1044873
000066,中国长城,14.64,-1.215,2.14674,-861.176,4.32,472.25698648319997,472.2204962832,10.09628459
603690,至纯科技,24.85,4.456,10.65541,-12.302,2.739,95.166616125,95.166616125,10.09255889
000676,智度股份,7.45,-2.742,10.64174,65.929,2.192,93.8542965175,93.797625634,10.05768623
002044,美年健康,5.3,9.959,5.03602,75.714,2.628,207.455457919,205.334064231,10.01350584
603663,三祥新材,40.74,1.545,4.19155,145.5,17.398,241.8204697398,241.65620605979998,9.99848586
600893,航发动力,36.47,1.39,1.03021,151.958,2.418,972.1422185985999,971.9709992426001,9.94412714
002413,雷科防务,9.0,-1.854,8.55587,-128.571,3.61,118.74066525,116.58874473000002,9.86612206
600552,凯盛科技,17.77,-2.363,5.87037,130.47,3.889,167.8566450638,167.8566450638,9.82817621
600436,片仔癀,139.36,1.73,1.1692,38.927,5.527,840.7828638560001,840.7828638560001,9.82047237
600219,南山铝业,4.99,3.099,1.73014,12.171,1.125,573.0367077941,573.0367077941,9.79358125
600707,彩虹股份,9.27,-2.215,2.92803,89.135,1.526,332.6437281564,332.5769841564,9.76387841
600326,西藏天路,8.36,10.0,8.9001,-195.785,2.907,113.90202576280001,113.90202576280001,9.72123655
002517,恺英网络,18.19,1.45,2.86593,20.438,3.753,388.6190242646,343.6248658187,9.70747842
600641,先导基电,34.41,10.006,3.05311,-247.554,3.874,325.81656307199995,320.22975547199997,9.69825325
002645,华宏科技,19.67,2.395,7.29655,56.2,3.471,148.1387889744,133.7979926962,9.6922936
000661,长春高新,82.78,2.82,2.92869,212.256,1.516,337.6906865062,330.8009393904,9.64892215
000425,徐工机械,8.34,0.482,1.28162,14.632,1.559,976.7149514466,750.6463168572001,9.64036165
600246,万通发展,12.29,-2.46,4.16461,-35.296,5.228,238.79316080040002,232.33169330040002,9.6274765
600664,哈药股份,7.52,9.942,5.08102,53.714,3.232,189.3919426752,189.3919426752,9.61538257
600226,亨通股份,6.03,-2.269,5.31372,86.143,4.84,179.35518780720002,179.35518780720002,9.52040418
002943,宇晶股份,35.06,-2.503,14.01806,542.724,10.809,93.5526973928,66.211588332,9.43585956
003032,传智教育,11.59,0.783,29.00081,-52.682,3.986,46.643665250000005,32.9714183672,9.39160347
000060,中金岭南,6.94,1.909,3.05488,33.048,1.543,308.2173685852,308.2134648352,9.3677749
600941,中国移动,96.53,1.079,1.07234,15.202,1.471,20934.667841197,871.4418220151,9.36007243
601166,兴业银行,18.32,-0.109,0.24038,5.295,0.466,3877.0358627816,3877.0358627816,9.35771727
002721,金一文化,2.8,-9.091,12.3775,256.881,3.46,74.46260122,74.46260122,9.30763004
000737,北方铜业,14.54,-0.683,3.37746,35.036,3.725,276.945769649,276.920008404,9.30662993
002585,双星新材,9.51,1.494,11.20879,-20.584,1.304,108.5397804012,84.3305654034,9.29334025
002421,达实智能,3.48,2.053,13.44464,-11.299,2.717,73.79624103719999,69.7175260728,9.22805781
000596,古井贡酒,96.48,5.224,2.35973,14.379,1.952,509.99327999999997,394.21727999999996,9.21550241
002297,博云新材,19.08,-0.625,8.49838,176.83,4.839,109.3483994652,109.3483994652,9.20583389
000967,盈峰环境,9.04,-3.316,3.01794,53.176,1.766,303.6706694184,303.53323710079997,9.1764945
002001,新 和 成,30.72,0.425,0.97273,13.9,2.687,944.155140096,932.9202978816,9.15528517
600737,中粮糖业,13.97,3.252,3.03485,31.414,2.569,298.7970974516,298.7970974516,9.13484807
601225,陕西煤业,26.04,3.994,0.36329,15.052,2.473,2524.578,2524.578,9.08646873
600977,中国电影,12.99,3.013,3.77928,209.516,2.207,242.5233,242.5233,9.08463918
603567,珍宝岛,7.05,-0.424,13.4265,-4.849,1.086,66.2865877335,66.227932086,9.07910295
002600,领益智造,12.56,-1.258,1.00173,38.061,4.181,1019.9078496312,904.317445924,9.07116769
000823,超声电子,14.81,-2.18,10.29255,35.747,1.839,88.1128223191,88.1094539327,9.06709965
603124,江南新材,140.69,-0.685,8.27865,87.931,10.634,205.0489204731,109.18783478900001,9.03082404
002142,宁波银行,31.99,1.62,0.42611,7.457,0.909,2112.4886943608003,2111.1615409059,9.00007366
603929,亚翔集成,161.1,-2.245,2.59397,38.541,14.396,343.72296,343.72296,8.93841158
001896,豫能控股,13.64,-0.583,4.29483,53.323,5.841,208.11657341199998,208.11657341199998,8.91362476
600884,杉杉股份,12.07,-2.818,4.0058,57.476,1.204,271.04865844060004,221.4977463422,8.85994143
001270,铖昌科技,117.89,-0.414,3.70276,204.848,15.572,242.9888567889,241.4425584984,8.79716678
600488,津药药业,6.14,3.892,13.01142,94.462,2.199,67.041842152,67.041842152,8.78363216
603328,依顿电子,11.51,6.083,7.51939,24.7,2.655,114.9207445261,114.9207445261,8.76565178
605111,新洁能,55.2,-3.209,3.81874,58.105,5.28,229.26357698400003,229.26357698400003,8.75579265
601919,中远海控,15.61,1.167,0.44365,7.844,1.011,2383.3539948365,1960.0754202365,8.73480174
000001,平安银行,11.3,0.983,0.39706,5.459,0.473,2192.868756374,2192.832873789,8.71839167
001696,宗申动力,16.15,1.572,6.17973,27.787,3.327,184.92184758,143.95869365000001,8.71532326
600909,华安证券,8.21,0.0,2.10616,18.244,1.564,412.4875817238,412.4875817238,8.71269835
600895,张江高科,32.87,1.107,1.70304,53.016,3.725,509.054255085,509.054255085,8.65107894
601012,隆基绿能,12.94,0.077,0.88174,-15.224,1.943,980.6021477512,980.6011712988001,8.64890687
600028,中国石化,5.14,0.784,0.1772,19.618,0.746,6215.5714310108,4870.2772342749995,8.64730131
600406,国电南瑞,24.1,-0.083,0.44568,23.173,3.619,1935.653233596,1929.9704550420001,8.6101169
600010,包钢股份,2.29,0.439,1.21242,275.904,2.007,1035.6761545092,717.1870522122999,8.60987511
002025,航天电器,63.84,-2.934,2.95657,159.6,4.354,289.8462224448,289.75143728160003,8.55418655
600531,豫光金铅,13.87,2.135,5.1213,17.557,2.361,167.7247362126,167.7247362126,8.52288314
002119,康强电子,23.78,-1.082,9.57709,76.71,6.344,89.24253519999999,89.24253519999999,8.5210036
600760,中航沈飞,44.19,3.83,0.68764,35.071,5.268,1252.7553155588998,1250.3793164769,8.46691995
600588,用友网络,11.78,0.512,2.08999,-28.732,5.837,402.5222947802,402.5222947802,8.4560158
600595,中孚实业,6.74,1.659,3.11403,16.85,1.476,270.1328046836,270.1328046836,8.43323656
002900,哈三联,14.83,10.015,35.34168,-13.86,2.657,46.915379765000004,23.89445192,8.39486853
600690,海尔智家,22.21,1.277,0.60665,10.476,1.664,2082.771545265,1388.7976100831,8.39359961
000973,佛塑科技,13.47,8.28,9.17353,120.591,3.618,331.1244923802,95.45686016730001,8.38941445
002340,格林美,6.93,1.316,2.37641,22.355,1.621,353.5935245073,351.7655444226,8.36062765
000878,云南铜业,17.2,-0.116,2.44239,29.866,2.264,417.13165488,344.62277932,8.34755094
002194,武汉凡谷,10.06,-9.369,15.9392,-588.304,2.775,68.7385520836,51.39441231,8.27598244
002126,银轮股份,41.51,0.484,2.52021,36.096,4.699,351.51549796930004,330.06572974060003,8.25780851
603580,艾艾精工,59.21,9.994,11.18791,176.483,17.002,77.37160172,77.37160172,8.24995761
601688,华泰证券,19.4,0.622,0.57993,11.214,0.983,1751.211574484,1417.5110725640002,8.21453647
601689,拓普集团,49.5,-1.747,0.95174,30.745,3.499,860.2286121,860.2286121,8.20759017
600693,东百集团,10.11,5.203,9.43001,192.205,2.437,87.9414554706,87.8511262602,8.19484176
000034,神州数码,24.27,-3.422,3.95161,31.475,2.198,246.7627162101,206.0881812534,8.19289414
603601,再升科技,9.92,0.405,7.33305,181.022,4.188,113.3202243232,113.3202243232,8.17658793
600363,联创光电,20.52,-10.0,8.61859,19.358,2.04,92.52230994,92.52230994,8.1445596
600459,贵研铂业,21.73,3.427,4.94594,25.869,2.283,178.8983352587,165.0841698634,8.13696368
002674,兴业科技,29.37,3.671,9.52029,85.552,3.542,86.8033122528,85.9259445924,8.13111393
002440,闰土股份,13.51,1.962,6.25512,22.148,1.5,151.85238716549998,127.85315872279999,8.09034423
002969,嘉美包装,14.38,3.677,5.15286,158.022,4.851,157.96368309800002,157.07115273559998,8.06698982
603137,恒尚节能,27.09,-1.491,16.60339,-141.462,4.141,49.5566401806,49.5566401806,8.06542101
002497,雅化集团,19.13,3.686,4.04169,34.587,1.998,220.485210076,202.6991107495,8.06208466
601233,桐昆股份,24.24,2.886,1.39569,28.186,1.434,576.669961176,575.620546128,8.00893976
600999,招商证券,18.21,0.055,0.58926,13.489,1.274,1583.6375313726,1351.5471600312,7.98190951
603067,振华股份,34.67,5.061,3.08821,37.28,6.8,261.94065756680004,261.94065756680004,7.89251044
601336,新华保险,59.99,-1.105,0.62856,5.158,1.515,1871.4160053399999,1251.055060066,7.89038516
002112,三变科技,17.7,10.006,17.19557,354.0,6.017,52.061236914000006,46.38816,7.84939729
600403,大有能源,6.62,2.477,4.9733,-7.85,4.735,158.2717810124,158.2717810124,7.84214707
601231,环旭电子,27.35,-0.942,1.19288,32.176,2.826,653.373907933,653.373907933,7.83550567
002653,海思科,69.86,-2.43,2.05287,303.739,16.15,782.3746938419999,374.99879251379997,7.83341748
002455,百川股份,7.42,5.248,15.85038,-41.222,1.916,53.6067175,49.032248396600004,7.81042843
002487,大金重工,42.1,-0.047,2.98168,24.335,3.579,311.576142429,265.61743198600004,7.78172482
603882,金域医学,30.98,6.938,5.41386,-83.73,2.261,143.517413595,142.5496919546,7.76003669
001979,招商蛇口,7.22,2.849,1.20425,90.25,0.667,650.9575227462,640.3933273350001,7.72369886
603063,禾望电气,32.27,-2.123,5.2093,27.581,2.743,149.7790216118,149.16266461179998,7.72272908
600410,华胜天成,15.63,-1.263,4.49545,617.787,3.977,171.38211895290002,171.38211895290002,7.70400309
600482,中国动力,31.44,3.968,1.08445,54.207,1.743,713.1366580992,713.1366580992,7.6784309
603456,九洲药业,16.52,0.426,5.20551,20.146,1.636,145.6584966256,145.6584966256,7.63017379
000981,山子高科,2.95,-1.007,2.72734,26.818,9.516,294.925391196,280.64400474350003,7.61931751
002827,高争民爆,59.58,10.007,4.72973,82.75,15.288,165.0640068,164.44004035499998,7.61674009
603065,宿迁联盛,17.75,9.975,10.35872,-570.74,3.723,74.36674403,74.36674403,7.51919837
603087,甘李药业,67.73,-2.812,1.92856,35.093,3.424,404.9813545037,380.071812198,7.47244539
601611,中国核建,11.88,1.625,2.1013,33.0,1.59,358.0435043856,358.0435043856,7.47241021
600428,中远海特,11.61,-2.845,2.60537,16.924,1.863,318.56915785949997,283.8976561863,7.46370478
600726,华电能源,6.24,-1.266,1.58624,208.0,9.908,493.417779504,466.4609793792,7.40462424
002979,雷赛智能,58.73,-3.436,5.60745,81.569,9.908,185.60917612999998,130.8414002784,7.40398291
601728,中国电信,6.26,1.294,0.15059,17.389,1.223,5728.3468825574,4859.6210165574,7.38491278
000776,广发证券,20.87,-0.334,0.59748,12.423,1.185,1633.0452581457,1232.1750912057,7.38402917
600143,金发科技,15.77,-2.834,1.76234,35.367,2.137,421.5791523182,415.5120646156,7.36570919
603990,麦迪科技,23.14,3.72,10.45248,178.0,8.421,70.6337927334,70.6337927334,7.35770035
603118,共进股份,14.6,-0.68,6.41277,146.0,2.265,114.94235527600001,114.94235527600001,7.34095348
601766,中国中车,5.95,1.19,0.50559,12.935,0.972,1707.582413236,1447.503983856,7.31146707
603283,赛腾股份,43.93,-1.081,4.69632,25.103,4.347,154.8647785499,154.8647785499,7.29426148
001248,华润新能,13.19,0.076,5.20393,23.554,1.897,1757.1207362339999,140.1310600329,7.29162055
002703,浙江世宝,14.81,-1.856,8.36909,67.502,5.757,121.83185607040001,86.7937197594,7.26535535
603688,石英股份,48.81,-1.294,2.75373,174.321,4.517,264.3931728609,264.3931728609,7.25371975
000592,平潭发展,6.69,2.294,5.69315,-112.06,7.293,129.2361416748,128.1196848381,7.23667298
600298,安琪酵母,43.32,5.069,1.9686,24.337,3.016,375.9377486772,371.3175840372,7.20805694
603122,合富中国,12.55,1.291,14.11697,-156.875,4.786,49.955605441500005,49.955605441500005,7.19353786
603588,高能环境,14.5,2.257,3.29802,26.297,2.155,220.86899626500002,220.86899626500002,7.19251789
605179,一鸣食品,25.12,9.982,7.51965,196.711,8.751,100.7312,100.7312,7.18577316
002265,建设工业,20.27,6.797,3.44075,88.13,5.37,209.3972904989,209.3972904989,7.15093458
603379,三美股份,68.2,4.441,1.74447,20.059,4.83,416.346703234,416.346703234,7.12311318
601698,中国卫通,27.57,0.547,0.6184,264.08,7.291,1164.6630580884,1164.6630580884,7.08928022
600227,赤天化,3.67,9.88,15.53267,-22.46,2.763,61.9763060395,46.8879127701,7.06504561
002493,荣盛石化,13.48,1.89,0.55697,149.778,2.903,1346.5768158392,1258.7714658392,7.05528943
603221,爱丽家居,26.46,6.608,11.19112,378.0,4.081,64.104642,64.104642,7.04937925
601101,昊华能源,13.36,-1.037,3.5963,37.111,1.562,192.3837229136,192.3837229136,6.97687226
001339,智微智能,81.58,-3.627,5.21263,119.971,9.815,266.79331908160003,132.07775241759998,6.94597578
601668,中国建筑,4.54,0.442,0.37044,4.83,0.378,1875.9457261576001,1875.9457261576001,6.93869257
002456,欧菲光,7.41,-2.756,2.80998,588.095,6.874,259.04731750559995,245.8352723151,6.93579934
002083,孚日股份,11.92,1.706,6.19601,25.362,2.31,112.83937023040001,112.83937023040001,6.92769328
002300,太阳电缆,7.9,10.028,12.41009,68.636,2.998,57.0643623,57.061305868999995,6.91490205
002027,分众传媒,5.26,2.335,0.90462,25.784,4.918,759.6597055876,759.6597055876,6.83721585
003036,泰坦股份,54.21,1.025,5.88532,246.409,8.269,117.4223538345,117.41934517949998,6.79646222
002352,顺丰控股,33.84,1.622,0.41678,15.175,1.775,1781.7802535952003,1624.0206036456,6.76270276
603757,大元泵业,62.33,-4.122,5.73596,73.329,5.479,116.27490653470001,116.27490653470001,6.75072905
002655,共达电声,29.53,0.511,6.37715,143.35,12.919,107.66165519999998,107.44871436999999,6.73863186
603906,龙蟠科技,20.16,3.65,5.91355,-77.538,5.24,159.4881602496,113.5000950048,6.72893835
600048,保利发展,5.36,1.132,1.04089,59.556,0.331,641.6157672048,641.6157672048,6.7272604
002015,协鑫能科,15.6,-1.266,2.64641,61.033,2.095,253.23863978400001,253.23863978400001,6.72566228
603920,世运电路,36.0,-1.8,2.58097,37.895,3.984,259.41323412,259.41323412,6.69816011
603716,塞力医疗,18.46,2.556,16.03221,-17.713,4.126,41.680976142,41.680976142,6.69144886
002203,海亮股份,19.69,-5.337,1.4997,41.894,2.645,451.2466134506,435.57061586610007,6.63341887
600490,鹏欣资源,7.9,10.028,4.23753,77.527,2.747,174.818079241,157.417089494,6.62811306
601360,三六零,9.59,-0.519,0.98546,239.75,2.299,671.2576005961,671.2576005961,6.61508547
000783,长江证券,9.01,-0.332,1.3305,14.302,1.353,498.2595726148,498.2595726148,6.60686333
603989,艾华集团,28.56,-2.259,5.82335,42.973,2.882,113.89152801600001,113.89152801600001,6.57321445
603162,海通发展,12.68,9.974,12.46857,24.863,3.578,174.323992052,53.541228865200004,6.57097636
600967,内蒙一机,12.06,5.328,3.22975,61.218,1.718,205.2364368402,205.2364368402,6.56785027
002179,中航光电,35.32,-0.395,0.88333,34.499,3.007,741.8069921004001,740.4591621808,6.56113171
002180,奔图科技,18.65,-0.798,2.58659,-36.597,2.906,265.18041913950003,253.693618377,6.54420941
002104,恒宝股份,10.81,-3.136,10.10318,130.084,3.588,76.5726516474,64.8277410142,6.53795161
600331,宏达股份,14.07,1.369,2.29119,-442.453,11.933,371.67312000000004,285.9024,6.51757241
600415,小商品城,12.12,0.083,0.9604,15.74,2.784,664.6073781912,664.6073781912,6.43109812
603444,吉比特,393.9,2.935,2.27453,15.819,4.725,283.769896839,283.769896839,6.381975
600702,舍得酒业,38.09,0.29,5.01669,55.99,1.769,126.4934104785,126.4400844785,6.3782838
002649,博彦科技,10.61,-0.469,11.05482,58.944,1.508,62.7512038452,56.9083335026,6.36963905
600563,法拉电子,135.48,-0.536,2.1103,25.562,4.84,304.83,304.83,6.3417591
002965,祥鑫科技,32.22,-3.591,10.1218,55.162,2.016,85.5055516698,61.351941761999996,6.3182599
601328,交通银行,6.9,-0.145,0.34902,6.389,0.524,6097.101111387,1798.9983302609999,6.30711769
601898,中煤能源,14.3,1.924,0.47873,10.593,1.156,1895.9888662,1308.7360572,6.28609412
000859,国风新材,9.53,10.046,7.73197,-119.125,3.165,85.3865386263,85.38167832629999,6.278338
000688,国城矿业,32.21,2.776,1.64886,33.302,12.721,381.7103081026,381.7089166306,6.27720135
002654,万润科技,13.14,0.382,5.64062,328.5,7.102,111.07275428160001,111.0648702816,6.25856252
002625,光启技术,30.83,1.181,0.95295,96.344,6.794,664.2594378546,664.2546283746001,6.24843724
002074,国轩高科,28.0,1.12,1.27422,21.212,1.756,508.12309576,486.28647479999995,6.16868281
002472,双环传动,38.49,-2.011,2.12801,25.66,3.175,327.1641116508,288.1343563734,6.15568137
600936,北投科技,6.16,10.0,6.34433,-26.783,10.355,102.9352163224,102.9352163224,6.13406703
600162,香江控股,3.86,3.763,4.86207,-142.435,2.203,126.1617115092,126.1617115092,6.12700783
601985,中国核电,8.83,0.341,0.36717,19.492,1.514,1816.1545831342,1667.3940537561,6.12415081
600629,华建集团,16.44,3.266,3.31622,234.857,3.588,189.0279219432,189.0279219432,6.11785386
601865,福莱特,11.15,-5.106,2.85315,26.548,1.186,261.23118054450003,211.96434804449999,6.11072233
000970,中科三环,13.72,0.219,3.6803,180.764,2.552,166.79757605560002,166.79757605560002,6.09641629
600338,西藏珠峰,14.33,2.945,4.69649,25.585,2.9,131.0063170744,131.0063170744,6.07747109
000519,中兵红箭,14.96,1.355,2.91816,500.334,2.002,208.3268237072,208.3268237072,6.04822569
600026,中远海能,17.68,-0.113,0.89796,21.399,2.006,967.3106666704001,676.7889778207999,6.04052666
603619,中曼石油,22.83,1.467,5.7143,20.568,2.418,105.5518706463,105.5518706463,6.00604911
002389,航天彩虹,19.23,4.115,3.22898,641.0,2.335,189.3993508383,189.3695741448,5.98778304
600578,京能电力,5.9,-1.338,1.51844,11.8,1.566,394.982639885,394.982639885,5.97868752
600536,中国软件,32.38,0.653,2.16065,-647.6,8.601,302.3600958992,273.175778801,5.94205572
601816,京沪高铁,5.11,1.389,0.2362,18.996,1.188,2500.102215807,2500.102215807,5.89558815
001399,惠科股份,23.7,-0.253,5.79204,0.0,6.648,1755.530629932,102.044315247,5.89003403
002365,永安药业,13.65,-1.444,17.35163,175.676,2.016,40.22416125,33.4818757455,5.88395086
000593,德龙汇能,24.7,3.434,6.74914,433.333,10.017,88.581859223,88.545342743,5.8564075
002129,TCL中环,8.91,0.112,1.62213,-3.842,1.801,360.2405563317,359.9284513275,5.82232943
600366,宁波韵升,12.51,2.122,4.25351,40.696,2.164,137.4900354801,137.4900354801,5.79374615
002922,伊戈尔,26.28,0.96,5.78581,52.56,2.93,111.05479242720001,99.0756149796,5.78586349
603950,长源东谷,60.59,3.396,2.91249,50.492,6.343,196.39085172,196.23210592,5.77401364
002980,华盛昌,83.5,0.858,6.85157,177.66,13.935,157.32337204,84.57449386500001,5.77231588
001257,盛龙股份,26.73,0.263,15.62952,48.6,6.42,490.7496533841,36.6061971924,5.76683218
603659,璞泰来,24.43,1.369,1.10518,21.813,2.495,523.8241939525,523.8241939525,5.763748
003043,华亚智能,72.2,6.963,8.52209,114.603,5.887,103.97529364399999,67.880414068,5.76085195
600301,华锡有色,50.97,1.051,4.12741,40.261,6.471,322.4196440463,140.3385966057,5.75465985
603288,海天味业,36.83,1.126,0.27925,29.943,5.128,2154.9398897052,2047.6819431852002,5.72343025
000582,北部湾港,13.09,4.553,2.07594,29.416,1.614,329.486358432,282.3314323907,5.71811294
600126,杭钢股份,6.68,2.611,2.55708,668.0,1.161,225.5962307444,225.5962307444,5.71564198
000155,川能动力,12.46,3.488,2.50929,46.148,2.141,230.0325754132,230.0325754132,5.70470237
002745,木林森,11.1,-2.887,4.81917,-11.1,1.389,164.742470289,118.113879444,5.70217377
603407,长裕集团,65.04,1.23,24.32519,95.647,15.196,265.2820502424,23.357159596800003,5.67843016
002176,江特电机,9.32,-0.321,3.56577,-42.364,5.367,158.6497541492,158.4176861492,5.67377452
600570,恒生电子,22.98,0.922,1.29581,35.354,4.363,435.1602970716,435.1602970716,5.63801579
002756,永兴材料,49.35,1.669,2.95261,39.48,2.017,266.04660999,191.0229638835,5.63180737
600346,恒力石化,18.36,2.627,0.43739,18.178,1.828,1292.3787207096,1292.3787207096,5.62491641
600343,航天动力,20.73,2.219,4.33578,-68.688,10.388,132.30017594039998,132.30017594039998,5.61655515
603606,东方电缆,38.56,-0.362,1.74742,20.843,3.761,318.04615297280003,318.04615297280003,5.56400903
002589,瑞康医药,3.34,9.868,12.32937,334.0,0.945,50.257329731400006,45.6107577032,5.53974789
603988,中电电机,23.54,4.996,10.29382,181.077,8.307,55.366080000000004,55.366080000000004,5.52218308
603369,今世缘,28.38,4.109,1.57324,13.59,1.972,353.8418505006,353.8418505006,5.51474259
002064,华峰化学,11.85,-1.496,0.93351,32.027,2.043,588.0614517945,586.810882782,5.50597579
600550,保变电气,12.0,1.609,2.46681,112.15,24.763,220.9834176,220.9834176,5.49036121
002212,天融信,6.52,-4.118,7.17365,101.4,0.807,76.90039291080001,76.0782244316,5.48693224
605189,富春染织,16.84,6.921,13.68287,42.1,2.103,40.1187637276,40.1187637276,5.47901989
000070,特发信息,14.34,-2.116,4.45429,-26.054,12.446,124.5275488866,122.8546576794,5.45250281
603881,数据港,25.45,-1.011,2.48082,133.947,6.52,219.3923355455,219.3923355455,5.44071194
603667,五洲新春,54.37,-2.265,2.7222,217.48,6.943,208.3196999914,199.104446049,5.43761506
605006,山东玻纤,14.7,-2.584,5.63669,-735.0,3.834,96.079391688,96.079391688,5.4114451
603115,海星股份,77.04,-3.483,2.87743,89.581,8.703,188.42643504,188.42643504,5.3932839
600016,民生银行,3.54,0.283,0.42777,5.619,0.269,1549.8976149707999,1255.3591617402,5.37861113
600660,福耀玻璃,56.62,2.202,0.475,15.86,3.775,1477.6367878184,1134.0908611784,5.33471614
600256,广汇能源,5.78,1.94,1.44234,27.896,1.514,369.4577713192,369.4577713192,5.33313203
600157,永泰能源,1.6,0.0,1.52828,168.421,0.744,349.08422631999997,349.08422631999997,5.33066231
603938,三孚股份,42.57,-1.253,3.25542,202.714,6.412,162.8832483729,162.8832483729,5.31941532
603156,养元饮品,49.22,1.799,0.86507,49.235,6.259,620.3086179852,620.3086179852,5.31245504
600129,太极集团,16.25,-0.184,5.82355,73.864,2.511,89.6054550625,89.6054550625,5.25554124
601006,大秦铁路,4.78,-0.417,0.55255,15.933,0.571,949.4462747883999,949.4462747883999,5.25231028
002929,润建股份,56.66,-2.159,4.27529,404.714,2.56,162.2616807444,122.7084254494,5.24501714
000768,中航西飞,21.3,2.7,0.89747,51.338,2.629,592.2699587550001,591.3761839169999,5.24197062
002250,联化科技,17.44,5.25,3.36953,43.863,2.296,156.93788904480002,156.0837718464,5.22213986
600888,新疆众和,10.13,0.596,3.34785,21.273,1.229,157.32760663370001,157.32760663370001,5.22101385
002555,三七互娱,19.83,0.202,1.65378,15.023,3.026,438.68673214229995,314.7732597567,5.1932904
600000,浦发银行,9.31,1.086,0.16749,6.125,0.411,3100.77354573,3100.77354573,5.1872332
600360,华微电子,10.64,1.237,5.14299,59.111,2.907,102.1754203456,102.1754203456,5.18427585
002311,海大集团,46.66,1.634,0.67353,18.085,3.038,772.5180839057999,771.7739422936,5.17507986
002882,金龙羽,23.69,8.174,9.1199,95.833,4.831,102.55400999999999,58.462786095,5.16683763
002640,跨境通,3.49,4.491,9.54707,-12.864,8.444,54.375642417,54.0343439745,5.15556911
000799,酒鬼酒,41.56,0.096,3.75457,-397.703,3.581,135.040484088,135.027704388,5.09431294
603198,迎驾贡酒,39.94,7.8,1.62249,16.105,2.786,319.52,319.52,5.09133581
603979,金诚信,80.3,1.402,1.02655,21.413,4.376,500.90544173999996,500.90544173999996,5.08935989
000009,中国宝安,8.16,0.741,2.44669,103.685,2.098,210.46385954399997,210.203269944,5.08847946
002056,横店东磁,21.8,-1.802,1.42238,18.793,3.218,354.623232132,354.256890762,5.05584091
002115,三维通信,11.86,-0.587,5.74098,-727.607,4.622,95.47742757520001,88.5071721502,5.04833488
600733,北汽蓝谷,5.43,-1.273,1.53316,-6.622,5.741,345.7364601366,328.2405559083,5.03678408
001203,大中矿业,28.4,0.531,1.35706,56.8,6.049,435.39484354,370.892248648,5.03128633
002429,兆驰股份,7.95,-2.454,1.3932,27.414,2.128,359.8917782565,359.68444511850004,5.03063183
603106,恒银科技,8.48,-6.195,11.24599,141.333,3.333,44.140096,44.140096,5.01099736
002335,科华数据,30.99,-0.832,2.4538,37.337,3.603,233.7917857491,204.4517779518,5.00860943
000893,亚钾国际,48.18,-0.104,1.26829,26.315,3.204,445.20786189660004,391.12828690320003,4.98703835
002647,仁东控股,10.49,9.958,4.7779,29.971,19.052,118.5675948193,106.5040948193,4.97072902
000537,绿发电力,8.32,10.053,2.95711,21.333,0.859,171.0357291968,171.0357291968,4.96742874
000422,湖北宜化,13.59,2.955,3.44409,18.237,2.375,147.80276236080002,145.0441554408,4.96249406
601666,平煤股份,9.3,4.027,2.13573,99.465,1.051,229.650955137,229.650955137,4.9225485
002768,国恩股份,59.66,1.983,3.32939,18.82,3.777,260.47556000000003,150.4972820922,4.91486593
002832,比音勒芬,26.0,5.605,4.88384,27.083,2.59,148.38384184,101.24875383999999,4.90666291
601778,晶科科技,3.85,-0.773,3.43699,42.778,0.912,143.337213173,143.337213173,4.89737791
600763,通策医疗,37.06,1.202,2.9281,33.089,3.75,165.7653467602,165.7653467602,4.86899455
002913,奥士康,54.82,-1.083,2.87785,56.515,3.927,173.9770282928,167.4416181368,4.84165932
002601,龙佰集团,16.55,2.097,1.45008,31.827,1.727,394.593053268,328.94826108300003,4.83495945
603026,石大胜华,67.15,-0.223,3.08813,959.286,3.006,156.258730901,156.258730901,4.83139213
601077,渝农商行,6.47,0.31,0.84314,6.162,0.541,734.7979,571.8342838623,4.83044819
002237,恒邦股份,14.7,3.158,2.79643,27.222,1.56,210.205649976,175.276333176,4.82400088
600916,中国黄金,8.11,4.376,3.58122,50.688,1.866,136.248,136.248,4.82130317
600513,联环药业,17.68,-2.158,9.27692,-52.0,3.947,50.468668536,50.468668536,4.80131751
000802,北京文化,4.7,10.07,14.24222,-8.263,5.512,33.647311985,33.630568235,4.78678142
601658,邮储银行,4.96,0.0,0.13265,6.795,0.577,5956.7146532032,3597.378910008,4.78199489
605196,华通线缆,34.39,1.505,2.73172,61.411,5.19,175.7233330459,174.477850706,4.77753139
000301,东方盛虹,13.54,3.359,0.53373,677.0,2.577,895.1608764380001,894.7737073142,4.7652145
601918,新集能源,10.2,3.87,1.82387,12.364,1.513,264.2352636,264.2352636,4.75602063
605289,罗曼股份,101.9,-2.479,3.04353,203.8,11.416,155.51009950000002,155.29405519600002,4.74885029
600050,中国联通,4.32,0.465,0.35261,14.789,0.791,1350.6231741264,1338.7856753664,4.73651475
000538,云南白药,51.02,0.512,0.52115,17.654,2.162,910.3307800506,904.550605374,4.73444932
002624,完美世界,11.69,1.741,2.2256,29.974,3.146,226.7823064276,213.6619924929,4.70187672
603345,安井食品,85.84,0.751,1.86095,19.509,1.782,286.09521922880003,251.7637687488,4.70179372
600815,厦工股份,3.61,10.061,7.60284,-88.049,4.405,64.044810728,64.044810728,4.69892155
002607,中公教育,2.18,1.395,3.88689,218.0,16.705,134.44930668019998,120.8469966216,4.6940769
601868,中国能建,2.62,0.769,0.55286,20.154,0.971,1159.0928009666,849.6326640632,4.69094094
601677,明泰铝业,17.39,2.96,2.17779,11.219,1.091,216.2082400353,216.2082400353,4.68269803
002046,国机精工,47.0,-0.739,1.89239,96.174,5.778,252.00970138,249.18365013000002,4.67595989
000895,双汇发展,24.84,2.349,0.54567,16.86,3.798,860.6218453091999,860.5096316028,4.66415668
003018,金富科技,37.92,-4.676,4.24418,97.231,7.343,119.0498331744,107.8867812768,4.66049507
002366,融发核电,6.31,2.104,4.02444,-161.795,2.828,131.307165084,116.7575156575,4.65678571
600829,人民同泰,10.4,0.775,7.60121,45.061,1.948,60.308414088,60.308414088,4.65514614
603108,润达医疗,11.03,4.748,6.96976,-12.121,1.814,66.6878017872,66.6878017872,4.65261521
002506,协鑫集成,2.73,1.866,2.96584,-13.719,16.967,159.7136384571,159.5531410746,4.64476516
601100,恒立液压,103.41,-0.567,0.3333,50.691,7.752,1386.5429878272,1386.5429878272,4.63527787
002920,德赛西威,92.72,0.466,0.83434,21.315,3.65,553.3615773968,553.1877273968,4.62592307
600885,宏发股份,35.34,-0.198,0.85172,29.45,4.139,546.9198302142,546.9198302142,4.61493713
002425,凯撒文化,3.33,-4.31,15.24498,-5.689,1.285,31.8569466978,30.6421912359,4.59357942
603806,福斯特,15.27,-2.178,1.15366,50.9,2.462,398.3554686954,398.3554686954,4.58426203
603308,应流股份,48.14,-0.783,1.39914,94.392,6.43,326.89502094060003,326.89502094060003,4.58158119
000767,晋控电力,3.84,-0.26,4.14189,-300.0,1.956,118.1545812096,111.8302631424,4.57892255
000990,诚志股份,6.88,2.229,3.86216,-106.998,0.652,117.0516793712,117.0516793712,4.56561933
601699,潞安环能,16.2,-0.369,0.93464,43.784,1.045,484.6082904,484.6082904,4.56201243
000759,中百集团,6.95,0.144,9.95228,-4.76,6.361,46.041219505,45.571568737499994,4.55056915
600499,科达制造,14.23,-0.21,1.65588,20.445,2.075,272.91096443929996,272.91096443929996,4.54379945
600011,华能国际,6.99,0.0,0.58871,9.446,1.566,1097.2967257941,768.7399233381001,4.52525621
600299,安迪苏,8.59,1.657,1.69795,19.977,1.347,264.5530381763,264.5530381763,4.52056518
601169,北京银行,5.02,0.2,0.42418,6.436,0.375,1061.3778104544,1061.3778104544,4.51544145
603290,斯达半导,87.07,-1.649,2.1599,51.521,2.994,208.50954684619998,208.50954684619998,4.51449272
603119,浙江荣泰,53.65,-1.542,1.78208,69.675,12.029,253.68937283200003,253.68937283200003,4.512312
603179,新泉股份,37.9,-2.571,1.65665,22.831,3.56,270.68128835,270.68128835,4.49084786
600208,衢州发展,3.11,0.647,1.68455,103.667,0.633,264.62805888,264.5980640807,4.4746441
002465,海格通信,10.9,0.461,1.68225,-34.063,2.368,270.519900332,270.089694881,4.47265978
001280,中国铀业,66.28,1.377,3.90839,74.472,8.05,1370.7909089703999,115.14643654440002,4.47172303
001208,华菱线缆,15.62,3.444,9.09079,78.1,3.39,99.71033747839999,49.7861972234,4.46426538
603220,中贝通信,19.16,-2.84,4.34001,102.241,2.668,102.7662324612,102.7662324612,4.46145272
600066,宇通客车,32.87,3.041,0.61464,13.096,4.485,727.7218226001,727.7218226001,4.43507779
600958,东方证券,9.17,0.991,0.64395,14.108,0.952,779.1423732764,684.9515786288,4.4159737
002326,永太科技,19.43,-0.359,2.78949,-388.6,6.466,179.75229967479999,157.7267295238,4.41469273
002617,露笑科技,6.37,-1.087,3.68694,57.647,1.888,121.6143808061,119.6045094244,4.40989164
002631,德尔未来,9.02,3.917,6.24903,-32.551,3.555,71.91491586619999,71.58022615040001,4.40860259
603077,和邦生物,2.48,2.905,2.01858,-36.905,1.235,219.0263020544,219.0263020544,4.40821609
000733,振华科技,41.35,-0.481,1.93528,22.347,1.454,229.14905971849998,229.11817126850002,4.40281636
000595,新能股份,6.31,1.939,6.18338,90.143,14.844,71.84921669459999,71.84921669459999,4.40031676
002793,罗欣药业,5.29,-0.75,7.564,-19.463,5.231,57.5334309094,57.4458884451,4.39783639
000617,中油资本,7.15,0.846,0.48626,21.029,0.849,903.9086541485001,903.9086541485001,4.39363998
002565,顺灏股份,9.86,-0.905,4.25853,164.333,5.688,104.5149077092,104.51157995919999,4.39028313
002290,禾盛新材,59.65,-2.229,2.96738,90.379,14.066,147.999004845,147.530446937,4.38820312
000032,深桑达Ａ,14.43,-2.5,2.50078,-129.185,2.374,175.3503745773,175.3503745773,4.3764467
002457,青龙管业,11.42,5.448,11.57556,29.282,1.5,38.08419256,38.0594738558,4.36354563
002698,博实股份,13.62,-0.439,3.76392,24.558,3.296,139.272886515,114.97163986500001,4.35849013
600986,浙文互联,8.01,-0.62,3.65815,133.5,2.309,119.13866236620001,119.13866236620001,4.35206657
600104,上汽集团,10.46,0.096,0.35932,11.819,0.4,1202.4060269184001,1202.4060269184001,4.34985702
002246,北化股份,20.29,2.062,3.90432,42.271,3.414,111.3991597026,111.3991597026,4.3441999
000830,鲁西化工,12.89,0.94,1.74664,27.08,1.266,245.46672051789997,245.4483191406,4.31217288
600892,大晟文化,3.77,-8.495,19.92105,-25.133,240.127,21.0917998876,21.0863465072,4.29623391
603660,苏州科达,12.11,1.001,6.25549,-13.505,9.69,69.20776548559999,69.20776548559999,4.28682387
603890,春秋电子,18.5,-3.293,5.19824,28.906,2.505,82.663857655,82.663857655,4.28364296
002446,盛路通信,8.74,-5.0,5.756,109.25,3.143,80.00733427760001,74.0957356704,4.28251763
000656,金科股份,1.29,10.256,4.56007,0.466,3.32,136.5946380528,97.8768021903,4.27419006
601995,中金公司,34.93,0.143,0.41713,18.619,1.642,1686.1608239923999,1021.193374292,4.26260953
002815,崇达技术,12.82,-1.988,4.26899,44.207,1.779,158.2181997368,99.6296061948,4.25578826
603468,C津富,28.79,-6.374,36.30051,27.951,3.603,118.67862742999999,11.5127104546,4.25439335
600930,华电新能,4.23,0.955,0.93911,23.5,1.598,1764.5142857022,454.43716694280005,4.25272504
002348,高乐股份,12.44,2.219,3.92195,-272.807,31.053,123.54651648,112.3995050756,4.25117603
601001,晋控煤业,17.85,3.299,1.43971,16.376,1.528,298.75545,298.75545,4.24952962
600985,淮北矿业,16.83,1.877,0.9356,30.054,1.079,453.27544072470005,453.27544072470005,4.2466867
002549,凯美特气,14.71,2.153,4.20443,149.189,4.981,102.2856762371,101.84608627460001,4.23914113
000751,锌业股份,5.31,0.189,5.02096,132.75,2.322,85.7899845945,85.78995671700001,4.23506345
002897,意华股份,57.24,-1.633,4.0001,34.902,3.904,110.9773103904,105.5637612612,4.23018184
601975,招商南油,3.7,-0.27,2.44262,13.484,1.445,173.172753086,173.172753086,4.22695344
600674,川投能源,15.05,0.534,0.57473,15.431,1.582,733.628327614,733.628327614,4.22387346
001359,平安电工,86.88,-2.382,8.00057,66.697,10.15,209.5146942432,52.3806314016,4.19744791
002262,恩华药业,22.37,2.427,2.11418,21.305,2.713,227.23145861709997,197.70075942850002,4.19158966
600230,沧州大化,15.82,6.317,6.51798,212.349,1.611,65.488632573,65.488632573,4.18912041
601229,上海银行,9.26,0.543,0.31675,5.612,0.52,1315.7569870462,1315.7569870462,4.1875747
603123,翠微股份,9.81,2.615,6.59081,-15.328,4.81,78.3560668365,63.9882705969,4.17938688
002939,长城证券,8.29,1.968,1.39076,14.293,1.025,334.45399465239996,298.6604834099,4.17844479
600962,国投中鲁,28.17,-0.071,5.69061,180.461,7.8,73.86455699999999,73.86455699999999,4.17207251
000762,西藏矿业,24.4,1.964,3.29884,-406.667,4.319,127.07989456,127.075350792,4.16997239
603158,腾龙股份,10.73,-1.74,8.23359,97.545,2.318,52.659636880399994,52.659636880399994,4.16053379
002891,中宠股份,31.56,1.774,4.09396,25.688,3.011,101.5909286376,101.5909286376,4.16003485
000833,粤桂股份,20.53,1.533,4.51232,34.308,3.963,164.6674799713,93.1450259378,4.15124401
002841,视源股份,50.26,0.179,1.57348,33.959,2.587,351.411157517,262.0282211596,4.14299134
601066,中信建投,25.88,-0.614,0.24455,23.743,2.327,2007.4326134636,1681.0796638579998,4.12891194
600839,四川长虹,6.92,1.022,1.29097,32.306,2.075,319.4441001624,319.35513726519997,4.12175856
605198,安德利,67.0,3.379,2.2076,69.792,7.85,223.90596000000002,181.25912,4.11796392
600021,上海电力,14.78,-0.605,0.98881,16.936,2.005,417.07324397900004,417.07324397900004,4.11700437
000062,深圳华强,23.16,-1.11,1.70357,52.327,3.527,242.23259897520003,241.9988578332,4.11010435
603319,美湖股份,27.11,0.931,4.51448,87.452,3.734,91.94347770579999,91.94347770579999,4.10808735
002903,宇环数控,29.0,4.769,13.55075,-223.077,5.836,45.44242,30.93303821,4.10542972
002165,红 宝 丽,6.92,4.532,8.23531,293.22,2.545,50.8806727204,50.348826363200004,4.1021517
000989,九芝堂,9.46,-0.211,6.2147,35.97,2.094,80.9721143352,65.66694503379999,4.09843563
002515,金字火腿,6.92,-5.464,5.35084,346.0,3.23,83.7745001488,76.2481531408,4.09683734
603203,快克智能,43.63,-1.911,2.84446,79.327,9.606,143.9840842039,142.33635187870001,4.06826406
603876,鼎胜新材,21.9,2.384,2.00332,39.107,2.664,203.50951964700002,203.50951964700002,4.05695606
605090,九丰能源,34.89,1.365,1.66208,15.37,2.098,246.5273383302,246.2786424102,4.0550948
600783,鲁信创投,18.36,-0.488,3.02103,96.632,3.105,136.66436637840002,136.66436637840002,4.04376485
600602,云赛智联,17.97,0.223,2.1011,126.549,4.995,245.77091986349998,193.052247303,4.03783949
000837,秦川机床,10.46,3.976,3.80961,201.154,2.173,107.0210545502,105.3743890502,4.03763812
600114,东睦股份,29.25,-0.578,2.24324,34.012,5.182,184.6796670225,180.2921670225,4.03592197
603267,鸿远电子,51.64,-0.501,3.39579,47.815,2.641,119.33017262879999,119.33017262879999,4.019147
002236,大华股份,16.78,-0.356,0.99468,14.22,1.428,548.5821760172,401.231104727,3.99451076
600316,洪都航空,27.28,5.166,2.08103,492.419,3.628,195.62883887360002,195.62883887360002,3.98886107
002606,大连电瓷,14.82,2.845,6.44451,30.245,3.304,65.070651204,62.442888994200004,3.98272256
002931,锋龙股份,50.97,-2.319,3.85345,509.7,11.669,111.37243480320001,103.2529148226,3.97719772
000683,博源化工,6.14,1.153,1.92645,24.56,1.85,228.21345778399998,204.9879384622,3.95955386
002603,以岭药业,16.87,-0.706,1.68839,21.909,2.473,281.8479969312,232.22128310079998,3.94415872
002850,科达利,180.8,-1.686,1.03886,28.031,3.787,517.688576016,379.066883696,3.9352875
002683,广东宏大,28.75,2.023,2.03542,22.636,3.109,218.46695561250002,191.6357461375,3.92941729
601858,中国科传,25.91,-1.558,1.89178,42.475,3.589,204.81855,204.81855,3.92546063
600019,宝钢股份,5.76,0.0,0.31643,12.0,0.602,1254.6480815424002,1233.4519151424,3.91287495
000518,四环生物,4.06,-2.638,9.74888,-112.778,12.93,41.7999826132,41.7991491358,3.91232783
600468,百利电气,6.58,5.449,5.57898,80.342,3.51,71.5729841218,71.5729841218,3.89485934
002518,科士达,33.3,-2.717,2.05801,31.714,3.897,193.880956302,188.195714901,3.89421291
600585,海螺水泥,17.81,0.282,0.54721,11.565,0.485,939.8443938364,708.3856338364001,3.89054784
000969,安泰科技,17.34,-0.63,2.16033,49.416,3.096,182.1600634398,180.5700676314,3.88073848
601016,节能风电,3.57,0.563,1.79946,33.679,1.312,233.6381956818,215.56577329350003,3.85556841
600699,均胜电子,21.14,-0.283,1.30828,22.253,1.871,327.8328970182,295.04475701819996,3.85400196
603939,益丰药房,23.39,5.598,1.36906,16.949,2.381,283.5786024754,283.5786024754,3.84341593
000039,中集集团,8.86,5.351,1.89823,295.333,1.023,477.77730611100003,203.9046726926,3.83454581
601009,南京银行,11.26,0.446,0.27399,6.398,0.74,1392.137671787,1392.137671787,3.82991227
002244,滨江集团,8.73,2.706,1.57921,12.838,0.897,271.629051597,240.734057382,3.82926879
603012,创力集团,8.11,-3.567,7.42581,50.688,1.365,52.43115,52.43115,3.8285143
002157,正邦科技,2.98,2.759,1.65644,-50.423,2.639,275.65484515220004,232.07260906099998,3.81637883
600926,杭州银行,16.16,1.0,0.32574,6.075,0.836,1171.4388117567999,1171.4388117567999,3.80705494
002031,巨轮智能,5.29,0.954,3.25312,-50.095,5.995,116.348030943,116.347634193,3.80255409
600754,锦江酒店,19.87,4.25,2.11788,22.839,1.315,211.87350082279997,180.0309553181,3.77841965
603516,淳中科技,98.72,-1.791,1.87418,71.536,11.779,200.6664450288,200.6664450288,3.77172979
600589,大位科技,8.18,-1.208,3.11776,-818.0,19.513,121.19241700200001,120.938837002,3.76981309
600797,浙大网新,7.41,3.492,4.95175,-148.2,2.3,76.139704017,76.139704017,3.7687695
603696,安记食品,13.9,5.383,11.71611,115.833,5.652,32.6928,32.6928,3.76671132
002338,奥普光电,44.1,3.887,3.63392,129.706,7.323,105.84,105.84,3.76244856
002345,潮宏基,11.65,10.009,3.82693,20.804,2.573,103.5117303655,101.03222102250001,3.76103345
600644,乐山电力,10.37,-0.096,6.26017,254.167,2.9,59.9718688266,59.9718688266,3.75792818
002271,东方雨虹,11.77,1.378,1.66396,235.4,1.371,281.1499742282,225.33569663,3.74629775
002402,和而泰,21.48,0.0,2.13293,29.71,2.876,198.344061378,175.80920134680002,3.74495585
000983,山西焦煤,6.76,2.269,0.97698,31.962,1.037,383.7720315884,383.7696774184,3.73110299
001330,博纳影业,5.28,3.327,6.18409,-4.935,1.909,72.5746023552,61.398338601599995,3.72741213
603031,安孚科技,40.0,0.251,2.99928,40.0,5.251,149.53838000000002,125.7561476,3.72303149
002258,利尔化学,14.49,2.839,3.25691,24.227,1.449,115.98335433720001,115.7966169255,3.72234283
603171,税友股份,47.72,0.336,1.90003,140.353,7.527,193.907834,193.690708,3.72032265
601998,中信银行,7.53,0.938,0.12066,6.275,0.564,4190.080718479199,3069.4538463111,3.71993268
603778,国晟科技,10.85,1.213,5.39112,-12.471,25.368,71.61457002,69.749999907,3.71833017
601818,光大银行,3.05,0.0,0.2603,5.259,0.357,1802.1093073605,1415.4078746105001,3.69940256
000625,长安汽车,7.4,0.68,0.60442,18.049,0.95,733.555010552,611.773348414,3.6923746
605020,永和股份,35.66,1.336,2.07189,29.471,3.07,182.1579566218,179.3426937642,3.69047967
600877,电科芯片,13.48,4.821,2.31848,337.0,6.376,159.61121952160002,159.61121952160002,3.68179947
000887,中鼎股份,19.12,-1.086,1.45712,15.802,1.718,251.71283962639998,251.3076602496,3.68073214
002902,铭普光磁,24.06,-1.876,8.60322,-22.914,9.318,56.5431803172,42.7382702676,3.67207915
601390,中国中铁,4.53,1.116,0.39864,5.342,0.346,1111.2683579037,920.6735909037,3.66006842
002266,浙富控股,5.19,2.772,1.47038,23.591,2.142,270.8801857638,251.3301733851,3.65555096
000700,模塑科技,11.47,-2.632,3.46461,21.806,2.656,105.2963651183,105.2963651183,3.64959128
603045,福达合金,54.95,-2.415,4.91866,68.877,5.941,74.4271126725,74.4271126725,3.64263739
002208,合肥城建,11.37,-0.612,4.00576,-17.492,1.542,91.3342883478,91.3093167579,3.62791385
002879,长缆科技,18.33,1.833,14.52554,23.5,1.988,35.396630412,25.1375825493,3.62109674
002545,东方铁塔,18.85,2.057,1.70428,19.441,2.296,234.5057026455,213.03585895799998,3.61405886
000612,焦作万方,11.7,1.739,2.60375,13.029,1.81,139.487329098,139.487329098,3.61132146
600199,金种子酒,8.07,0.124,6.72393,-26.9,2.729,53.0842036968,53.0842036968,3.59882919
600266,城建发展,4.17,3.474,4.02807,-14.379,0.474,86.5585042419,86.5585042419,3.58728017
600376,首开股份,4.03,-1.707,3.42937,-1.519,4.415,103.95647925259999,103.95647925259999,3.5847225
600801,华新建材,24.06,5.295,1.1313,17.562,1.522,500.2063531494,322.8124543494,3.57403592
603068,博通集成,40.64,-0.66,5.77532,270.933,3.514,61.6863664416,61.6863664416,3.57331427
600821,金开新能,6.54,-0.608,2.78271,130.8,1.427,128.6630519262,128.6630519262,3.56741602
600233,圆通速递,18.93,2.38,0.55264,15.05,1.79,648.1663117134,648.1663117134,3.55684865
002304,洋河股份,41.47,1.543,0.56739,28.319,1.269,624.7227721877999,624.7080296028,3.55247508
000629,钒钛股份,3.19,1.917,1.20391,-315.842,2.397,296.3812362555,296.365177317,3.55245737
603341,龙旗科技,37.7,1.782,3.56179,29.685,2.728,197.016672788,100.810678787,3.55049148
002256,兆新股份,3.6,6.509,5.06032,180.0,6.082,73.4629005,72.51648933599999,3.54797504
002171,楚江新材,10.0,-0.398,2.20235,40.0,1.822,162.2937872,161.374147,3.52950867
002444,巨星科技,30.92,2.929,1.02061,14.716,1.931,369.33265387439997,354.5686154576,3.52679824
002153,石基信息,9.04,9.976,2.52443,-150.667,3.686,246.7191232264,144.6186478816,3.51680774
601636,旗滨集团,6.05,-1.305,1.96673,26.454,1.198,178.998550544,178.998550544,3.49433829
002458,益生股份,9.99,10.022,3.67595,66.6,3.082,142.9761845961,96.5419190424,3.4835538
600795,国电电力,5.04,1.205,0.38897,12.537,1.472,898.9152017327999,898.9152017327999,3.48279887
000002,万 科Ａ,3.25,0.932,1.09743,-0.437,0.351,387.7480578075,315.80041561250005,3.47678795
001287,中电港,23.0,-0.734,1.99092,61.497,3.156,174.77702231,174.77702231,3.47637077
003010,若羽臣,27.51,4.363,5.6481,43.667,10.812,85.57246184760001,62.2117142682,3.47104
002298,中电鑫龙,9.34,10.012,5.71081,-16.386,3.705,69.1263581534,61.714702585800005,3.46412981
001376,百通能源,12.13,9.973,13.77228,27.568,4.372,55.907169999999994,25.963241591899997,3.46348489
000400,许继电气,22.88,0.527,1.48697,19.842,1.899,233.06077057119998,232.24701133920001,3.46022537
002582,好想你,10.39,3.693,9.77046,5.195,0.91,46.516849874900004,35.7664921542,3.45666601
601118,海南橡胶,5.53,0.912,1.46077,-229.461,2.474,236.6523571741,236.6523571741,3.44559887
600032,浙江新能,7.62,3.815,1.8861,36.217,1.426,183.2362596888,183.2362596888,3.43938273
001331,胜通能源,56.68,2.181,2.13463,869.325,15.773,231.9617664,162.01079622,3.43312522
600379,宝光股份,14.22,4.329,7.48175,91.506,5.964,46.954662400800004,46.954662400800004,3.43157719
601058,赛轮轮胎,13.88,1.984,0.75104,12.852,2.036,456.3883159492,456.3883159492,3.42714805
600312,平高电气,20.32,-0.733,1.23754,24.621,2.363,275.7264099888,275.7264099888,3.42474927
002400,省广集团,6.93,0.289,2.86843,134.302,2.411,120.81326297039999,119.62320802740001,3.40989423
002279,久其软件,7.04,3.075,6.10483,134.095,4.347,60.6993637184,56.003149664000006,3.38479838
000539,粤电力Ａ,5.94,-1.165,2.23749,51.969,1.338,311.8668687684,151.7899818006,3.38350186
000534,万泽股份,28.26,1.145,2.39753,71.094,8.384,143.9984106216,142.0172503866,3.38251551
600545,卓郎智能,4.39,-1.348,4.33324,-12.788,2.994,78.48934654579999,78.48934654579999,3.38212782
002940,昂利康,26.61,0.872,6.84292,42.919,3.261,53.6798702946,49.3016264088,3.38089782
601117,中国化学,7.79,0.257,0.71289,7.349,0.691,475.6231755698,474.2604474998,3.38058674
003040,楚天龙,12.46,-4.885,5.94327,623.0,3.991,57.4575421112,56.9235421468,3.36963835
002248,华东数控,10.05,9.956,11.16377,91.364,26.936,30.903307799999997,30.903307799999997,3.36415466
603477,巨星农牧,15.45,2.863,4.2758,257.5,3.192,80.800351908,78.80594060850001,3.36301893
600577,精达股份,8.27,0.121,1.83536,29.536,2.963,184.57104575259999,184.57104575259999,3.35639923
002541,鸿路钢构,20.57,10.0,3.37736,22.359,1.44,141.93692681299999,102.0642401933,3.35172551
601669,中国电建,4.82,0.208,0.53163,9.136,0.564,830.3008798988,630.04754597,3.34916619
002342,巨力索具,8.37,0.843,4.26468,459.89,3.285,80.352,79.90755300000001,3.34877121
603698,航天工程,24.24,0.832,2.63091,60.6,3.691,129.923976,129.923976,3.34639666
603129,春风动力,301.58,2.925,0.7346,27.441,5.783,462.8733166554,462.8733166554,3.34623517
601933,永辉超市,3.26,0.929,1.15018,-11.241,13.595,290.956211579,290.956211579,3.34375852
002303,美盈森,5.47,2.434,6.37768,32.101,1.865,83.7634055695,52.8883938179,3.34259286
002568,百润股份,19.94,2.361,2.20991,32.161,4.16,207.69976597939998,151.9644410814,3.33886521
600984,建设机械,4.49,10.049,6.03197,-2.569,3.155,56.4412722325,56.4412722325,3.33281023
603236,移远通信,49.44,-0.081,1.68653,15.45,2.848,199.2198578928,199.2198578928,3.3321187
600698,湖南天雁,7.22,10.061,5.70491,-246.416,10.443,77.1556442504,59.9586157002,3.32752571
603605,珀莱雅,59.01,2.235,1.42132,15.488,3.677,233.6654665149,233.6654665149,3.31118481
002130,沃尔核材,17.23,0.0,1.6833,18.728,2.636,241.2005924726,197.6198733642,3.30655608
603800,洪田股份,62.36,-0.064,2.59284,890.857,16.398,129.7088,129.7088,3.29847567
600611,大众交通,4.52,-0.659,4.65819,150.667,1.116,106.8583534528,70.6618996528,3.29574266
600562,国睿科技,26.38,4.6,1.03287,51.725,4.874,327.602098192,327.602098192,3.2954866
002443,金洲管道,9.11,-2.358,6.97723,32.225,1.353,47.420785872,47.420785872,3.29274677
002796,世嘉科技,31.0,2.142,4.70207,-134.783,9.286,78.23375388,70.58954293,3.2926054
600863,华能蒙电,4.69,-0.636,1.0746,13.794,1.758,367.470390364,306.1110383359,3.29248387
000876,新 希 望,7.13,3.035,1.03162,-17.39,1.704,321.0478878025,320.8504660168,3.28541866
603533,掌阅科技,22.82,-2.186,3.25384,-57.05,4.363,100.156257747,100.156257747,3.2709838
600115,中国东航,3.69,0.0,0.51969,-33.545,5.78,815.037483123,628.2212045517,3.25580794
002223,鱼跃医疗,27.55,0.768,1.249,18.615,2.023,276.1823939395,259.60180938450003,3.25339395
600666,奥瑞德,3.83,-0.519,3.41058,73.796,9.611,105.37545619020001,95.8313287478,3.24192358
001317,三羊马,56.36,6.139,6.78877,-512.364,4.749,48.224883752800004,48.177330002800005,3.23260722
603082,北自科技,40.17,3.132,19.83627,37.896,4.01,66.9124178853,16.291706729999998,3.22110666
000560,我爱我家,2.25,3.211,6.07718,-54.878,0.571,52.9987691475,52.614814365,3.21779175
600546,山煤国际,13.28,1.997,1.22685,22.508,1.576,263.270175392,263.270175392,3.20815202
601615,明阳智能,11.69,0.776,1.22779,38.091,1.002,264.3689649314,264.3689649314,3.20294787
000681,视觉中国,18.28,-0.652,2.59786,153.872,3.341,128.06555530079999,123.5974858604,3.20022778
002757,南兴股份,17.45,-1.301,6.54372,42.959,2.504,51.5570568185,49.218287064500004,3.18368743
002693,双成药业,9.87,1.543,7.80784,197.4,9.841,40.929878325,40.563883525200005,3.17626952
601838,成都银行,18.09,1.174,0.41423,5.893,0.834,766.7329559004,766.7329559004,3.17498503
002947,恒铭达,57.55,-2.886,2.76846,27.668,4.552,147.195022668,114.12380697399999,3.17167599
003020,立方制药,18.36,-0.38,10.19874,21.103,2.272,41.900938264800004,30.945459618,3.16787151
002611,东方精工,16.14,-0.799,1.95979,26.459,2.073,196.4699455512,162.03953136,3.16476001
600015,华夏银行,6.77,0.594,0.30351,4.179,0.335,1077.4406572836,1041.7150636491,3.15669481
002181,粤 传 媒,9.15,0.219,3.06591,115.385,2.498,106.236822921,103.810145016,3.15611079
603928,兴业股份,12.96,2.289,7.21786,33.231,2.735,44.1552384,44.1552384,3.1518951
002966,苏州银行,8.33,1.834,0.86251,7.307,0.719,372.4061455163,366.14353756189996,3.14957988
603626,科森科技,15.68,-0.318,3.66281,-24.783,3.82,87.005135392,87.005135392,3.14262211
603556,海兴电力,25.49,2.287,2.54596,16.881,1.662,123.94873693299999,123.94873693299999,3.14018015
002865,钧达股份,45.5,0.0,3.04204,-8.505,3.515,141.62605366,104.110898255,3.13587228
603110,东方材料,26.47,3.641,5.95689,-882.333,7.643,53.264715960400004,53.264715960400004,3.13289865
002539,云图控股,12.79,3.731,2.7499,18.536,1.59,154.4678691598,113.80460463749999,3.12407288
000423,东阿阿胶,54.11,1.33,0.90183,20.041,3.208,346.2102944664,345.6007285423,3.12200942
605287,德才股份,38.67,-5.522,5.75529,74.365,3.424,54.138,54.138,3.11031021
000037,深南电A,10.26,2.498,9.00976,38.398,3.66,61.843442349600004,34.77197619,3.10809567
600886,国投电力,14.31,0.562,0.29077,15.612,1.66,1145.4431288922,1066.6931289507,3.10608076
002824,和胜股份,23.13,-0.086,5.91772,42.833,3.084,71.9742774294,52.314538868999996,3.10323016
002828,贝肯能源,12.87,10.0,12.30002,117.0,4.288,25.86710412,25.86710412,3.10109939
600596,新安股份,11.14,0.723,2.06504,102.39,1.198,150.3451112586,150.3451112586,3.09848214
002474,榕基软件,7.04,10.0,8.50101,-63.942,3.321,43.80288,37.2297838528,3.09567001
000157,中联重科,7.24,0.277,0.60339,12.929,1.074,626.1539510864,511.84407904000005,3.0837857
603725,天安新材,11.22,10.0,9.22428,30.324,3.974,34.205031696000006,34.205031696000006,3.06779657
603683,晶华新材,15.59,-1.764,6.86032,47.242,2.685,45.4029529663,44.9375353423,3.06093782
000786,北新建材,18.37,0.99,0.98473,10.699,1.119,312.7007609154,310.3625905754,3.05609155
002439,启明星辰,14.28,-0.971,2.93524,-30.299,1.588,172.987949274,104.0439659028,3.04279013
603222,济民健康,8.76,-0.114,6.57957,-18.638,4.133,45.997937874,45.997937874,3.03943912
603766,隆鑫通用,13.9,1.017,1.06278,17.375,2.957,285.44231715,285.44231715,3.02286255
600216,浙江医药,12.41,1.141,2.54036,13.637,1.062,119.33924477500001,118.06743384750001,3.01301429
003816,中国广核,3.94,1.285,0.19371,20.415,1.581,1989.6534239598,1549.8065989598,2.99464666
600078,澄星股份,11.56,4.615,3.98982,910.236,4.591,78.2395667316,76.5934227316,2.99058277
002329,皇氏集团,3.47,10.159,13.73127,-6.374,5.797,28.884418279499997,22.6102744628,2.98296871
002779,中坚科技,73.19,3.143,2.49091,78.379,14.38,135.25512,121.3551203865,2.97775629
002388,新亚制程,5.74,9.962,10.50121,-130.455,3.056,29.31404224,29.051772743000004,2.97090494
603269,海鸥股份,15.53,9.986,4.44693,40.868,6.499,67.081134597,67.081134597,2.95915386
002490,山东墨龙,7.85,1.03,7.01214,785.0,12.833,64.64685379999999,42.525177,2.9591169
000620,盈新发展,2.75,-1.079,2.30164,-13.75,4.406,161.4749136,128.4730924125,2.95246562
600237,铜峰电子,8.81,-1.454,5.37174,46.368,2.774,55.546147415499995,55.0286515395,2.9490706
603997,继峰股份,12.53,-1.725,1.84542,34.806,2.947,159.4147874592,159.4147874592,2.94491812
600645,中源协和,19.97,0.859,3.13047,79.88,2.513,93.449393333,93.4137019505,2.94185862
002081,金 螳 螂,3.99,1.013,2.81065,23.878,0.76,105.9474151911,105.50531022359999,2.93259829
601155,新城控股,11.25,2.087,1.15276,37.5,0.41,253.7575713,253.7575713,2.93151045
000908,石药景峰,6.88,-1.291,4.7706,-74.864,5.8,121.0569506976,60.5284753488,2.92428017
000923,河钢资源,15.33,4.144,3.06887,17.641,0.996,100.0633497213,96.2572775682,2.91539527
603596,伯特利,26.89,0.938,1.21084,12.449,2.994,241.37588001999998,241.37588001999998,2.90398775
002788,鹭燕医药,11.48,2.96,6.62416,15.944,1.322,44.6017212928,43.833697468400004,2.90331035
600127,金健米业,6.31,-0.158,7.17662,1069.492,6.032,40.4965210558,40.4965210558,2.8852609
600600,青岛啤酒,53.88,0.522,0.75072,16.021,2.266,735.0283311948,382.0770580884,2.87052577
002213,大为股份,29.87,-0.994,4.6654,-452.576,12.861,70.961206147,61.7466364313,2.86731968
600310,广西能源,4.54,2.715,4.35511,-31.55,2.449,66.5432667788,66.5432667788,2.85934716
600714,金瑞矿业,15.26,-0.909,6.49181,143.962,5.84,43.975699259799995,43.975699259799995,2.85813291
603260,合盛硅业,35.47,-0.365,0.67994,-13.91,1.425,419.3288019727,419.3288019727,2.85289657
002272,川润股份,14.52,-1.759,4.78045,-282.49,4.825,70.40418396,59.2609258296,2.85025751
000559,万向钱潮,11.79,0.17,0.7311,38.032,4.453,390.8807605476,390.7617281181,2.84882815
002773,康弘药业,22.81,0.264,1.80247,18.103,2.188,210.1545413474,156.6529917829,2.846858
600486,扬农化工,55.82,1.252,1.2504,17.509,1.901,225.5752837916,225.5752837916,2.83656163
601916,浙商银行,2.92,0.69,0.45096,6.636,0.436,801.9673701196,629.0975301195999,2.8356965
601717,中创智领,16.06,1.517,1.15016,6.563,1.145,286.735228758,247.67181623800002,2.83218911
002182,宝武镁业,12.91,1.654,2.54815,-690.374,2.424,128.0402894923,111.7367361665,2.83051914
601162,天风证券,3.62,-0.275,0.90427,181.0,1.331,364.6782654708,311.2465311588,2.82604992
000839,国安股份,2.94,1.031,2.49926,122.5,7.42,115.2428947488,115.2428947488,2.82537691
000892,欢瑞世纪,4.15,-0.24,9.63061,-15.968,6.738,40.710689629499996,29.499712841,2.82367196
601133,柏诚股份,26.08,-0.268,2.06069,66.872,4.533,137.2336336464,136.7600628352,2.82097265
600345,长江通信,46.72,-1.205,2.84787,70.788,4.044,153.99478807039998,98.8405035584,2.81129131
002077,大港股份,12.66,-1.016,3.81664,140.667,2.171,73.47212174580001,73.47212174580001,2.80479057
002218,拓日新能,4.26,3.902,4.80854,-30.256,1.527,59.993586347400004,59.11507636740001,2.80239303
003001,中岩大地,19.96,0.1,12.32308,254.268,2.914,34.840258642399995,22.8275697672,2.79666655
002292,奥飞娱乐,8.27,1.472,3.31644,165.4,4.113,122.28846494189999,84.1789638787,2.78194879
002742,冀衡医药,4.34,5.085,12.23613,-7.115,18.523,29.690028579400003,22.7398693382,2.76658485
002151,北斗星通,29.75,0.236,2.11754,-63.298,3.34,161.5159966175,131.73749582,2.76457426
600121,郑州煤电,4.02,0.5,5.64471,-5.281,6.656,48.980163927599996,48.980163927599996,2.75948367
002065,东华软件,7.44,1.224,1.27547,49.966,1.926,238.4878887,216.34937068559998,2.7593777
002385,大北农,3.08,3.01,2.58735,-20.533,1.786,132.442419802,106.67880013560001,2.74398048
600372,中航机载,11.44,1.149,0.49689,51.835,1.46,553.569774472,553.569774472,2.73521534
001229,魅视科技,40.58,-0.025,9.11859,58.812,5.748,58.20474618000001,29.928238989,2.72664776
601727,上海电气,6.85,0.293,0.31622,87.821,1.939,1064.498332066,864.171315066,2.72628111
603358,华达科技,41.19,-1.695,1.42498,74.891,5.457,193.4871730044,190.20332785169998,2.72278448
603466,风语筑,11.23,-1.057,4.07974,-374.333,3.211,66.7992396516,66.7992396516,2.71635872
600901,江苏金租,6.47,1.73,0.73214,11.554,1.447,374.7337580857,374.64227228569996,2.71178337
600845,宝信软件,18.22,-0.219,0.69406,39.869,4.559,520.7101337614,388.8246666766,2.70859714
600873,梅花生物,8.12,3.046,1.19602,6.94,1.387,227.70442198,227.70442198,2.70446385
603919,金徽酒,17.03,0.0,3.1197,24.329,2.443,86.3863774891,86.3863774891,2.69947411
000513,丽珠集团,30.68,0.0,1.53045,13.515,1.878,272.4099200628,174.30528879919999,2.6984377
600258,首旅酒店,12.27,2.85,1.98017,16.892,1.119,137.0072035602,137.0072035602,2.69499624
000048,京基智农,21.81,1.916,2.36467,73.558,3.079,115.637219775,115.44092977499999,2.69002113
002036,联创电子,7.27,-0.274,3.53717,-7.573,7.965,76.8873786712,76.7325072425,2.68949308
600651,飞乐音响,6.31,-1.406,1.67207,286.818,6.27,158.1934677465,158.1934677465,2.68386614
600732,爱旭股份,12.26,0.657,1.03445,-12.771,5.469,259.32285832779996,258.1040580128,2.67568351
002412,汉森制药,7.25,-0.275,7.37931,18.415,1.506,36.482,36.0937625,2.67315443
600685,中船防务,26.45,1.263,1.23473,37.081,2.05,373.872436981,217.2696053745,2.67150314
601061,中信金属,12.57,3.372,0.43995,22.855,2.542,615.93,615.93,2.67049236
000862,银星能源,5.85,5.596,7.39645,120.868,1.236,53.700349716000005,36.736074648,2.67005721
000999,华润三九,25.29,0.637,0.63328,12.277,1.811,420.8806962882,420.4953133587,2.66177308
600539,狮头股份,14.93,-4.479,7.84587,-165.889,11.428,34.339,34.339,2.65966881
002805,丰元股份,19.09,2.359,5.04177,-11.019,5.717,53.4639327772,53.2258442062,2.65806148
000766,通化金马,17.28,1.171,1.59656,432.0,7.2,167.0102853696,166.9261272768,2.65766862
603608,天创时尚,18.91,-0.526,3.31013,472.75,7.343,80.3731132444,80.3731132444,2.65492846
002038,双鹭药业,5.94,0.508,5.18296,-17.471,1.198,61.02459,50.6035321704,2.65323099
002612,朗姿股份,16.55,6.499,6.56807,7.328,2.191,73.2247095625,42.1130020685,2.65273169
601111,中国国航,6.08,0.165,0.3757,-55.273,2.833,1245.9477106240001,707.5970560192001,2.65030083
002471,中超控股,5.88,1.379,3.4006,-341.86,4.46,80.483088,79.0302892344,2.64918683
601137,博威合金,17.57,-2.389,1.64447,117.133,1.72,161.43437795239998,161.3149019524,2.64791581
600756,浪潮软件,15.73,1.093,5.22272,-19.42,2.46,54.996602846900004,50.9807338469,2.64623
600085,同仁堂,25.19,0.599,0.76329,29.054,2.453,345.4733589978,345.4733589978,2.6435968
600556,天下秀,5.12,-0.389,2.86823,256.0,2.415,92.5566792704,92.5566792704,2.64160724
002783,凯龙股份,8.21,10.054,7.15484,28.31,1.54,40.993962398700006,37.8576717106,2.63836312
600288,大恒科技,11.22,1.723,5.39822,47.044,2.463,49.008959999999995,49.008959999999995,2.63263052
600535,天士力,15.71,-0.064,1.1052,21.23,1.838,234.69954578550002,234.69954578550002,2.61497276
601319,中国人保,7.07,-0.282,0.10366,6.733,0.982,3126.6361342181,2509.6913904181,2.6142069
000601,韶能股份,6.69,1.057,3.74985,66.9,1.722,71.1872817501,70.1202331056,2.61392774
002174,游族网络,11.99,1.61,2.24684,-31.553,2.589,117.4793349433,117.4131591358,2.61286611
600108,亚盛集团,3.25,3.175,4.21042,111.301,1.46,63.2747414325,63.2747414325,2.61139255
603682,锦和商管,11.4,1.064,4.91907,-45.6,8.284,53.865,53.865,2.60863184
600598,北大荒,12.22,1.327,1.20153,18.628,2.532,217.23248487979998,217.23248487979998,2.60729602
002925,盈趣科技,23.1,-2.243,1.52887,30.0,3.45,178.25555124299999,168.872115258,2.60533765
000729,燕京啤酒,12.81,1.265,0.81237,21.493,2.293,361.0548895821,321.4806140427,2.60380907
000672,上峰材料,14.0,-2.029,1.91027,20.71,1.493,135.715363,135.715363,2.59871598
000997,新 大 陆,18.42,0.327,1.41019,18.321,2.476,186.612635943,185.5703339802,2.59656564
600029,南方航空,5.15,0.0,0.37483,103.0,2.518,933.229946966,694.064085604,2.59242193
002020,京新药业,14.21,-1.182,2.49047,15.446,2.008,122.35224079400001,102.8759004035,2.59215815
603636,南威软件,7.56,6.629,5.95335,-9.818,2.371,43.8752555388,43.8752555388,2.59009999
000158,常山北明,13.57,0.074,1.21018,678.5,4.092,216.9322890397,215.4796035772,2.58970955
000738,航发控制,18.64,1.139,1.059,74.56,1.946,245.1502977864,245.1502977864,2.58712895
603175,超颖电子,85.26,-0.791,6.68915,144.508,13.605,372.6111990846,38.771337024000005,2.58564158
600151,航天机电,11.03,-0.809,1.64368,-35.546,3.591,158.1980272561,158.1980272561,2.56997886
002519,银河电子,5.7,2.888,4.09131,-81.429,2.89,64.20656118599999,64.036325613,2.56915809
002150,正泰电源,21.08,-4.788,3.39739,27.026,3.516,76.0711436724,75.5727479676,2.56243064
002128,电投能源,28.05,1.483,0.40884,11.591,2.209,876.9768175739999,628.7613647865,2.56075955
600228,返利科技,8.19,3.149,7.53728,-54.095,8.936,34.1254717713,34.073444796299995,2.55542107
002079,苏州固锝,9.63,-0.824,3.27144,106.057,2.735,87.4874447649,78.11147020140001,2.55098222
601799,星宇股份,96.4,2.162,0.92288,16.891,2.38,275.394959916,275.394959916,2.54634338
601377,兴业证券,5.91,0.34,0.4991,18.697,0.901,510.3868490754,510.3868490754,2.54495238
002643,万润股份,14.05,-0.707,2.00554,45.323,1.8,128.68395351249998,126.76120328500001,2.54360663
600654,中安科,2.97,-0.669,3.74058,157.979,5.014,84.50866693169999,68.8277251431,2.54302086
601877,正泰电器,25.49,0.552,0.46392,12.138,1.204,547.7721919824,547.7721919824,2.53993561
002459,晶澳科技,7.82,1.295,0.98808,-5.546,1.246,258.8199250784,258.5897929572,2.53244078
605366,宏柏新材,8.21,-2.955,3.96668,-35.696,2.371,63.44915416999999,63.44915416999999,2.52963042
002315,焦点科技,27.79,1.795,3.46143,17.507,3.983,114.6078021991,73.0635968993,2.52859422
601696,中银证券,11.93,-0.5,0.75928,31.395,1.712,331.4154,331.4154,2.52034486
600520,三佳科技,25.11,1.537,6.3654,502.2,10.105,39.781773,39.781773,2.51851205
600409,三友化工,6.92,2.216,1.75964,159.447,1.037,142.8529818016,142.8529818016,2.51551799
600166,福田汽车,3.07,0.987,1.03919,17.849,1.51,243.06419126690002,243.06419126690002,2.51387998
002251,步步高,3.74,2.186,3.03753,93.5,1.184,100.5573683686,83.12045725060001,2.51287372
600867,通化东宝,8.4,-0.238,1.50858,13.548,2.272,164.517597636,164.517597636,2.49595356
600158,中体产业,7.24,2.841,3.61259,-32.496,2.895,69.4687460508,69.4687460508,2.48749621
601108,财通证券,8.4,-0.709,0.63629,14.737,1.023,390.07659515999995,390.07659515999995,2.48697931
600063,皖维高新,6.05,-1.305,1.97576,28.81,1.479,125.18094016450002,125.18094016450002,2.47421255
603318,水发燃气,9.18,0.879,5.9071,-54.0,2.709,50.9190014124,42.142710823200005,2.47279645
603699,纽威股份,52.96,1.359,0.62244,25.219,8.21,410.5898233104,401.5123887488,2.47051265
000680,山推股份,11.37,1.609,1.67171,14.047,2.635,170.5662149844,149.4789515898,2.46871746
603859,能科科技,42.88,0.752,2.36022,46.108,3.611,114.2319293632,104.9263741888,2.46824425
600663,陆家嘴,9.39,2.848,0.66912,38.578,1.853,472.80093045809997,369.4418200581,2.45476481
600354,敦煌种业,6.23,0.972,7.51823,69.609,4.393,32.882069584,32.882069584,2.44827716
601128,常熟银行,6.13,0.163,1.08777,4.827,0.62,223.6333876572,223.6333876572,2.44447672
000026,飞亚达,18.83,8.593,3.68698,87.459,2.249,76.40536251809999,68.64678602389999,2.43750248
603931,格林达,36.08,-2.09,3.38074,59.148,3.608,72.000663504,72.000663504,2.42913322
601199,江南水务,6.06,9.982,4.42234,15.15,1.205,56.6737436952,56.6737436952,2.42716909
603225,新凤鸣,19.87,2.002,0.73006,28.797,1.585,333.318014086,331.54002661600003,2.42666301
603728,鸣志电器,51.78,-2.21,1.1127,354.901,7.294,216.8973585,216.8973585,2.42240842
600170,上海建工,2.33,0.866,1.17027,29.125,0.661,207.0423960352,207.0423960352,2.41460447
002214,大立科技,14.78,-6.81,3.40379,-38.895,7.035,88.4823451386,70.70998131340001,2.41400794
000818,航锦科技,13.79,2.224,2.66958,-59.957,4.165,91.0140053781,90.7673574381,2.40794054
002310,东方新能,2.52,1.613,2.20149,-252.0,6.311,151.1829173484,110.8550381904,2.40613165
000623,吉林敖东,18.29,0.883,1.09778,8.959,0.695,218.7292662823,217.8277658998,2.39991477
600348,华阳股份,8.71,2.712,0.76648,20.256,1.128,314.21325,314.21325,2.39836355
603496,恒为科技,25.44,0.079,2.97252,233.181,5.842,81.46123141919999,81.46123141919999,2.39718088
600161,天坛生物,12.74,2.002,0.94813,23.164,2.124,251.91712222040002,251.91712222040002,2.39205419
000948,南天信息,15.22,2.838,4.06256,162.955,2.19,59.341071402800004,59.228522090199995,2.38163452
600686,金龙汽车,12.09,2.894,2.74617,18.6,2.385,86.69103271530001,86.69103271530001,2.3811343
603317,天味食品,14.66,3.312,1.53803,27.219,3.273,155.7005047658,155.7005047658,2.3798535
603393,新天然气,26.51,3.961,2.14073,13.953,1.193,112.38154378770001,112.38154378770001,2.37574091
002252,上海莱士,5.05,0.198,0.70837,21.042,1.024,332.9299806925,332.70712419250003,2.37081565
600315,上海家化,17.87,3.534,2.00335,44.675,1.699,120.126782626,120.126782626,2.3700804
000932,华菱钢铁,3.75,0.536,0.92334,9.887,0.46,256.9728435,256.9728435,2.36634872
002092,中泰化学,4.6,2.679,2.00368,-41.035,0.557,119.140897782,118.47509263200001,2.36365629
002639,雪人集团,12.59,0.559,2.84909,266.173,3.825,98.0704611908,83.047875276,2.34921753
002270,华明装备,20.3,0.645,1.2796,25.696,5.828,181.933762493,181.930847007,2.33650396
002045,国光电器,8.75,-1.685,4.80187,-43.75,1.162,49.21727405,49.150927175,2.33361513
603916,苏博特,10.79,-6.983,5.07873,37.207,1.064,45.3533686489,45.3533686489,2.3310647
000429,粤高速Ａ,13.28,-6.479,1.33134,15.442,2.41,277.6590535328,173.08221151680002,2.3261567
603991,领先股份,133.11,1.309,1.96557,-229.5,5.783,203.271894981,119.1820324878,2.32234438
002123,梦网科技,8.74,3.924,3.75505,-32.37,4.626,70.393934366,62.974501956599994,2.32192919
600027,华电国际,4.68,0.214,0.53928,9.551,1.087,543.4310318112,431.29369890360005,2.32168517
002085,万丰奥威,10.84,1.689,1.01799,23.064,3.013,230.165451168,230.165451168,2.31944899
002885,京泉华,31.91,9.997,3.06346,102.935,5.604,86.4496044888,75.7083337575,2.31929826
600192,长城电工,7.89,10.042,6.92096,-10.013,4.589,34.853917200000005,34.853917200000005,2.3167772
603486,科沃斯,58.84,1.588,0.68404,18.981,3.669,340.447245604,337.360690434,2.30267069
600184,光电股份,17.98,-1.425,2.20769,189.863,3.065,104.7743987464,104.7743987464,2.30055203
600236,桂冠电力,10.72,-0.741,0.26989,26.223,4.671,844.9909003744001,844.9909003744001,2.29753371
605178,时空科技,66.42,0.408,3.5216,-26.891,5.961,65.808936,65.808936,2.29035851
002847,盐津铺子,50.51,2.33,1.86949,18.169,6.289,136.47167543889998,123.1792006818,2.29033397
600351,亚宝药业,6.91,1.32,4.75632,15.101,1.695,47.8172031786,47.8172031786,2.27331391
600255,鑫科材料,3.46,1.17,3.6988,173.0,4.234,62.492684643000004,62.492684643000004,2.27294851
002319,乐通股份,12.34,7.491,8.9575,-246.8,14.463,25.848907733999997,25.848907733999997,2.27006334
600201,生物股份,13.95,0.649,1.49338,155.0,2.836,153.439931727,153.439931727,2.26944963
002584,西陇科学,8.28,1.97,5.90579,-63.692,2.215,48.4559197416,38.7857164356,2.26900911
002787,华源控股,21.29,-1.844,4.28046,62.618,3.883,70.7676881267,52.8169213702,2.26885605
600332,白云山,21.61,0.512,0.74026,11.777,0.888,351.3334240789,303.8130340789,2.25858911
600637,东方明珠,8.24,0.243,0.81613,44.856,0.925,277.02054492080003,277.02054492080003,2.25843762
002289,宇顺电子,37.5,10.003,2.27831,-719.77,39.611,105.095149875,102.91171237500001,2.25694959
002831,裕同科技,28.22,-1.087,1.11449,16.126,2.948,363.5670163838,201.5534390874,2.25463797
600872,中炬高新,19.57,1.662,1.48862,27.945,2.551,151.5292461694,150.88234181500002,2.25245068
002782,可立克,15.55,0.843,2.93354,25.256,3.441,77.0990790215,76.1819691,2.24358879
600177,雅戈尔,7.72,1.312,0.64402,14.566,0.841,356.9297148344,347.6657172276,2.23873564
002550,千红制药,6.82,-3.125,3.39945,21.313,3.188,87.28236,65.0332612842,2.23406764
002430,杭氧股份,24.0,0.042,0.94911,24.742,2.332,234.80632224,234.70505424,2.22027906
603583,捷昌驱动,25.46,4.516,2.30564,24.481,2.087,98.214739143,97.32007474299999,2.21600679
002559,亚威股份,9.74,0.62,4.54224,50.103,3.52,62.5175162958,49.090087876599995,2.2111344
000571,新大洲A,7.07,-4.071,3.78627,-38.697,392.778,59.326420299999995,57.549245004999996,2.21106461
002145,钛能化学,4.58,2.004,1.27031,46.497,1.318,174.3455859814,174.3365210164,2.20974217
600862,中航高科,18.47,1.428,0.8613,24.959,3.245,257.2961700629,257.2961700629,2.20869492
000901,航天科技,15.16,0.664,1.84535,172.273,2.849,121.0073331496,121.00611655959999,2.20783753
001286,陕西能源,10.63,1.528,1.53609,13.288,1.45,398.625,143.505,2.20640033
603826,坤彩科技,18.0,3.448,1.46204,-128.114,8.196,153.3168,153.3168,2.20372525
601609,金田股份,10.41,-0.383,1.22142,20.82,1.778,179.9512358913,179.9512358913,2.20362962
605168,三人行,41.88,3.792,2.52902,46.533,3.229,88.29015373680001,88.29015373680001,2.20289447
603367,辰欣药业,14.85,-0.868,3.25101,15.968,1.064,67.2339881565,67.2339881565,2.19971044
000628,高新发展,38.92,-0.231,2.95241,125.548,6.234,137.107376,74.819257282,2.19567362
001288,运机集团,27.66,-0.504,5.08027,32.929,2.768,64.6590817398,42.0080654382,2.19451692
002048,宁波华翔,19.24,-0.825,1.61014,37.725,1.303,156.2675343528,136.2519738008,2.1853167
002037,保利联合,7.46,-2.991,6.18332,-4.251,3.514,36.0977140236,36.0977140236,2.18270788
002945,华林证券,14.61,-0.341,0.54679,76.895,5.365,394.47,394.47,2.180334
000600,建投能源,8.65,-1.03,2.29888,8.325,1.25,155.979773524,94.289400774,2.17097169
003007,直真科技,39.43,-1.178,7.60832,231.941,5.404,47.1482024806,28.6213131551,2.16784201
603737,三棵树,23.79,2.853,1.03063,22.657,7.021,210.6321322872,210.6321322872,2.16691218
002993,奥海科技,37.9,-0.967,2.42282,24.61,2.157,104.61916,90.371387607,2.16210858
000608,阳光股份,7.6,5.85,3.88779,-26.117,2.775,56.993411484000006,56.652494484,2.15476488
002635,安洁科技,15.0,0.2,3.63782,88.235,1.695,98.9530164,59.32996635,2.14491699
600123,兰花科创,7.26,3.863,2.02489,-19.809,0.708,106.95722552459999,106.95722552459999,2.14139545
601607,上海医药,16.74,0.24,0.45526,10.87,0.803,620.7797668266,466.91333633700003,2.14111475
000428,华天酒店,4.32,9.924,5.10832,-20.94,3.448,44.0176032,44.0176032,2.13804263
001223,欧克科技,39.03,-5.198,7.76765,89.171,2.646,51.00939984,27.25652244,2.13790889
000415,渤海租赁,4.64,2.655,0.85625,-70.732,0.961,286.96178748479997,250.2312041712,2.130184
600765,中航重机,13.68,1.786,1.00487,35.077,1.48,212.3812001304,212.3812001304,2.12179688
600388,龙净环保,17.74,0.91,0.93299,20.159,2.008,225.3062123782,225.3062123782,2.10743317
002733,雄韬股份,19.18,-0.827,2.98662,91.333,2.711,73.69242031339999,70.7478771762,2.10178673
002328,新朋股份,7.25,0.555,5.1121,40.278,1.638,55.953325,41.37472746,2.09783931
002405,四维图新,6.64,0.0,1.33595,149.887,1.786,157.3770180496,156.4223270832,2.08706389
000685,中山公用,11.28,2.174,1.49377,8.813,0.861,165.560071464,140.614442832,2.08374844
605599,菜百股份,16.96,5.736,1.59613,11.616,2.608,131.91111488,131.91111488,2.08068728
603662,柯力传感,53.04,-2.482,1.3912,43.835,5.339,148.95216198720001,148.95216198720001,2.08047637
002169,智光电气,12.96,0.387,2.11698,73.888,3.628,101.4384505824,98.32414612320001,2.07815378
603505,金石资源,16.81,0.659,1.46885,43.103,7.46,141.4845274653,141.4845274653,2.07798384
601881,中国银河,12.41,0.0,0.22994,12.049,1.12,1356.9593199696,898.9081270143,2.0696225
000589,贵州轮胎,4.4,2.088,3.02648,11.0,0.744,68.393164576,67.940870976,2.0656826
603337,杰克科技,44.0,-1.478,1.00989,24.581,3.901,209.61076004,205.49310804,2.06443275
600171,上海贝岭,23.27,-0.894,1.25029,70.515,3.628,164.96645260809998,164.96645260809998,2.06359855
601997,贵阳银行,5.65,1.073,0.99847,4.124,0.313,206.575191294,206.575191294,2.06099985
600905,三峡能源,3.78,0.265,0.19043,29.122,1.204,1080.6131753676,1080.6131753676,2.06000122
000528,柳 工,8.47,1.316,1.19897,10.617,0.907,172.6044835592,172.36473521189998,2.05755948
002158,汉钟精机,27.55,-1.887,1.39426,31.428,3.302,147.3165002945,146.997660012,2.05183012
600575,淮河能源,3.45,2.374,1.54127,14.375,1.108,247.254329865,134.0760067425,2.049236
002078,太阳纸业,14.07,2.327,0.52597,12.129,1.286,401.5838462433,390.66448070160004,2.04858657
002125,湘潭电化,12.74,1.595,2.5669,35.389,2.357,80.2012175874,80.2012175874,2.04620426
600775,南京熊猫,10.05,1.107,3.03918,858.974,2.952,91.84077216450001,67.5197721645,2.03785338
000968,蓝焰控股,7.21,3.89,2.97249,20.6,1.091,69.756941786,69.756941786,2.0358431
002190,成飞集成,23.97,3.319,2.38739,-195.673,1.978,85.9874235171,85.9874235171,2.03583256
605128,上海沿浦,25.08,10.0,2.66961,27.56,3.591,78.7478751444,78.7478751444,2.0350562
002235,安妮股份,8.67,2.725,4.2947,-289.0,6.889,50.2489170228,47.9952387834,2.02788221
000722,湖南发展,13.75,1.401,3.19126,85.938,2.48,78.5612832125,63.821763775,2.02586934
600793,宜宾纸业,15.66,9.972,7.53929,101.359,12.227,27.703166713199998,27.703166713199998,2.02378506
600285,羚锐制药,22.38,0.629,1.59072,16.701,3.478,126.92044576679999,126.7805707668,2.02356366
000710,贝瑞基因,9.99,10.022,6.28601,-17.942,2.431,35.3167943535,32.9200393077,2.02038376
603338,浙江鼎力,57.18,0.351,0.69671,15.248,2.445,289.52971721219996,289.52971721219996,2.01733801
002734,利民股份,16.59,-1.073,2.78181,14.179,1.927,78.9417936216,72.3027941496,2.01521314
002023,海特高新,10.47,-2.15,2.61305,-14.495,2.084,77.56806660449999,76.8665814207,2.01449783
601015,陕西黑猫,3.41,2.096,2.9318,-5.879,1.448,69.6491694899,69.6491694899,2.01375647
600103,青山纸业,2.98,1.706,3.09302,120.648,1.679,66.7766370606,65.9274056006,2.00913408
000756,新华制药,14.1,-0.704,2.83025,33.571,1.836,98.232364335,70.344802851,2.00800181
600758,辽宁能源,3.54,0.568,4.3108,-16.857,0.877,46.7994157476,46.7543161476,2.00733949
601198,东兴证券,13.8,0.0,0.44801,21.329,1.465,446.07748175999996,446.07748175999996,2.00591291
002963,豪尔赛,17.96,-2.919,9.1363,-21.129,2.277,27.004643427999998,22.089731020800002,2.00501107
002520,日发精机,5.92,2.6,4.75169,-21.143,15.003,44.4145141232,42.4724581232,1.99467553
603163,圣晖集成,82.5,-0.121,2.4598,53.226,6.902,82.5,82.5,1.99456579
002299,圣农发展,17.12,3.695,0.96124,15.282,1.854,212.7622791264,208.6242748032,1.99090573
000951,中国重汽,21.69,0.556,0.78432,15.275,1.525,253.5550048719,253.5550048719,1.99060665
600018,上港集团,5.18,0.388,0.16486,8.874,0.83,1205.9019541072,1204.18001053,1.9892808
601099,太平洋,3.41,-0.292,0.85251,110.0,2.34,232.436388217,232.436388217,1.98918328
600323,瀚蓝环境,30.07,2.209,0.81628,12.426,1.612,245.1748868022,245.1748868022,1.98805294
000712,锦龙股份,9.35,-0.532,2.37253,29.219,3.137,83.776,83.7511406875,1.98803032
600789,鲁抗医药,7.55,0.533,2.59511,62.917,1.527,78.911828239,76.2775138735,1.98739693
600113,浙江东日,31.95,1.493,1.50807,91.286,5.254,134.56594287000001,131.45225562,1.98570798
600211,西藏药业,39.68,0.303,1.5321,13.636,3.279,127.8962569728,127.8962569728,1.97931501
600435,北方导航,10.78,2.471,1.21992,134.75,5.613,163.0321653422,163.0321653422,1.97288009
600998,九州通,5.05,1.202,0.76989,11.477,0.926,254.64474681699997,254.64474681699997,1.97162648
603435,嘉德利,54.4,-0.712,10.24251,0.0,15.153,249.78714175999997,19.414022848,1.97067845
601633,长城汽车,15.7,0.77,0.20165,13.534,1.528,1347.9078896469998,976.5656974460001,1.96910953
002086,东方海洋,2.02,7.447,6.29671,-25.25,3.121,39.5707193,31.9419597674,1.96892802
000166,申万宏源,4.57,0.661,0.19144,12.026,0.998,1144.325466392,1029.8726843412,1.96754536
000758,中色股份,6.34,1.44,1.57645,26.549,2.024,126.193891562,125.706544955,1.96143091
002915,中欣氟材,18.21,-0.328,3.73542,315.052,4.106,61.053273393,52.4582981625,1.95765353
002355,兴民智通,4.68,-0.637,6.76902,-9.0,3.823,31.284910800000002,28.93019922,1.95348487
605162,新中港,9.33,10.024,4.85335,30.097,3.199,41.3175608163,41.3175608163,1.95235977
002508,老板电器,15.77,3.41,1.34345,11.857,1.262,149.0168670532,147.2211168099,1.95017865
002531,天顺风能,6.72,0.75,1.64384,-51.259,1.393,120.7502458176,120.07197209280001,1.94927067
000720,新能泰山,3.68,-0.809,4.23054,-10.074,2.458,46.2403618128,46.2403618128,1.94625844
002370,亚太药业,5.81,10.038,4.55691,44.692,3.876,43.323283493,43.320668993,1.94324375
600515,海南机场,2.93,1.384,0.72475,153.403,1.38,334.7615713386,268.85716648439995,1.94220079
000949,新乡化纤,6.62,0.915,1.76174,55.397,1.611,109.6867748364,109.6604024776,1.94171694
002797,第一创业,6.57,0.152,0.70161,32.85,1.562,276.09767999999997,276.09767999999997,1.93730769
601519,大智慧,8.23,-0.604,1.18072,-374.091,12.621,163.707868,163.707868,1.93716697
002595,豪迈科技,53.12,1.374,0.31661,17.704,4.916,616.192,611.931042944,1.93291866
600395,盘江股份,5.12,3.018,1.75397,33.464,1.026,109.90719457280001,109.90719457280001,1.92477899
603200,上海洗霸,38.42,2.099,2.8787,74.937,6.131,67.4194555726,67.4194555726,1.92353606
603833,欧派家居,32.38,2.371,0.97774,9.812,1.066,197.2436983346,197.2436983346,1.91907334
601665,齐鲁银行,6.26,0.643,0.496,6.26,0.762,385.230542065,385.230542065,1.91639583
002746,仙坛股份,6.58,6.3,4.17598,23.5,1.212,56.6234482366,46.6966957366,1.91519956
600844,金煤科技,3.55,3.198,6.5437,-21.309,45.571,36.08661052,29.206937507,1.90518719
000950,重药控股,5.51,1.473,2.00992,25.045,0.806,94.3740730896,94.3740730896,1.90496381
600391,航发科技,30.99,0.715,1.87566,172.167,5.766,102.30709083330001,102.30709083330001,1.9049571
003009,中天火箭,51.77,2.171,2.26818,-78.978,4.233,85.2742072986,85.25861676310001,1.89669384
600389,江山股份,20.68,0.145,2.10816,16.677,2.131,89.05842,89.05842,1.89592127
002706,良信股份,9.0,0.897,2.30965,36.0,2.336,101.0812518,82.2943071,1.89368322
600282,南钢股份,4.73,-1.867,0.64278,10.17,1.033,291.6088048203,291.6088048203,1.89098346
601788,光大证券,14.69,0.342,0.32786,20.123,1.089,677.3247041691,573.8940594491,1.88314078
603978,深圳新星,19.85,1.069,4.53248,-52.237,2.526,41.9022183515,41.9022183515,1.8817104
600060,海信视像,25.94,2.773,0.56015,13.739,1.551,338.50980268760003,337.26376622739997,1.87701161
603638,艾迪精密,20.31,1.55,1.05303,43.213,4.911,178.8689613519,178.8689613519,1.87399656
002410,广联达,9.55,1.704,1.25568,38.711,2.596,157.760684661,149.94630911000002,1.8717543
002418,康盛股份,3.75,-1.575,4.43708,169.683,2.926,42.615,42.614888925,1.87036517
600572,康恩贝,4.34,0.0,1.69108,22.842,1.518,110.1722901454,109.8796937252,1.86758903
603327,福蓉科技,9.03,0.445,1.98565,76.074,3.771,94.40498020800001,94.40498020800001,1.86457739
603298,杭叉集团,26.68,2.066,0.53336,15.976,2.903,349.4578546732,349.4578546732,1.86381369
002254,泰和新材,12.53,0.0,1.76547,250.6,1.508,106.69648132990001,106.57678537240001,1.86373907
603211,晋拓股份,26.64,-2.382,2.56772,106.56,5.78,72.4096512,72.4096512,1.86253226
002029,七 匹 狼,9.08,2.022,3.10039,18.531,0.942,64.0161371596,60.418861077200006,1.86157116
003022,联泓新科,20.57,1.731,0.68509,89.435,3.62,274.7263376,274.4926264025,1.85798935
600262,北方股份,15.14,-1.879,5.11615,11.921,1.926,36.0332,36.0332,1.85656075
002039,黔源电力,19.99,1.164,2.16933,14.242,1.884,85.4688693874,85.4686295074,1.85534629
003026,中晶科技,29.37,-0.102,4.38408,89.0,8.095,55.147329434999996,42.4575301623,1.84937972
603185,弘元绿能,16.97,2.6,1.61215,61.486,0.982,115.91813329940001,115.2300676794,1.8446053
002468,申通快递,14.72,0.96,0.85022,16.0,1.978,225.33407883520002,217.3098336832,1.84336605
603598,引力传媒,18.04,-0.166,3.80861,300.667,21.772,48.65440316,48.60028316,1.84084326
600529,山东药玻,19.26,-0.311,1.42733,18.519,1.526,127.8120781638,127.8120781638,1.83966681
002124,天邦食品,2.3,3.604,4.08687,-3.898,3.081,51.104478136000004,45.359878559,1.83792127
002197,证通电子,7.2,0.139,4.80727,-11.613,2.511,44.234130816000004,38.448000864,1.83684819
600773,西藏城投,11.4,1.423,1.70051,-19.655,2.559,108.48090260999999,108.48090260999999,1.83497172
603980,吉华集团,6.88,1.028,3.9276,688.0,1.182,46.566135168,46.566135168,1.83370427
601827,三峰环境,8.85,5.232,1.25899,11.959,1.186,147.96609705,147.96609705,1.83349481
600009,上海机场,23.93,0.293,0.30804,28.153,1.381,595.453310472,593.516368412,1.82879369
601086,国芳集团,8.13,2.911,3.37943,73.909,3.322,54.1458,54.1458,1.82420564
002970,锐明技术,52.56,2.257,2.77712,24.447,4.524,96.6741336,66.4287223248,1.82219464
601388,怡球资源,3.41,4.281,2.45841,44.171,1.601,75.0616912056,75.0616912056,1.82067263
601619,嘉泽新能,4.61,-1.285,1.62415,16.464,1.685,134.28181105500002,112.2419704361,1.81838978
605123,派克新材,79.89,1.28,1.89497,38.357,2.077,96.80342561879999,96.80342561879999,1.81540957
600025,华能水电,9.75,0.827,0.0996,21.667,2.56,1816.5316900575,1816.5316900575,1.81288654
002051,中工国际,9.19,-0.325,1.61658,36.76,0.969,112.7138010255,112.7072559075,1.81196009
603233,大参林,18.17,3.769,0.87552,16.824,2.694,206.92986628399998,206.92986628399998,1.80801465
600058,五矿发展,11.19,5.07,1.52135,-223.8,2.459,119.9468085609,119.9468085609,1.80773719
601216,君正集团,4.6,1.099,0.46497,11.699,1.3,388.14879994,388.14879994,1.80522125
600559,老白干酒,12.16,0.997,1.61874,25.872,2.031,111.2332891904,111.2332891904,1.80346508
002507,涪陵榨菜,11.61,1.309,1.34183,17.328,1.485,133.9699991508,133.9467106518,1.80327051
001211,双枪科技,22.56,1.257,8.53294,752.0,2.613,22.56,21.057531523199998,1.80252137
605388,均瑶健康,6.13,3.898,4.93464,-19.156,2.396,36.809669199999995,36.809669199999995,1.80096218
002448,中原内配,12.31,1.317,2.53733,17.586,1.841,72.4332274226,71.4607204348,1.79960564
002152,广电运通,10.18,-0.294,0.70936,29.086,1.988,252.80837901639998,252.68121198339998,1.79679441
002626,金达威,16.46,10.027,1.80644,29.393,2.28,100.3954708672,100.38312586720001,1.7961337
603669,灵康药业,6.14,-1.127,4.07036,-22.741,7.772,43.737133531,43.737133531,1.79541897
002730,电光科技,22.05,-0.045,2.41636,116.053,4.839,79.83861354,76.29958854,1.79254694
002312,川发龙蟒,8.6,1.775,1.11035,39.091,1.674,162.342994984,162.008451028,1.79218705
002120,韵达股份,6.78,1.043,0.94088,16.537,0.924,196.5658499028,190.8658081014,1.79208251
603400,华之杰,44.32,1.745,11.30103,31.211,4.838,57.54068924,16.05716924,1.79100399
000880,潍柴重机,23.72,2.907,3.40449,45.615,5.098,110.024944848,53.850756960000005,1.78832461
601567,三星电气,15.94,0.378,0.79419,17.711,1.916,223.99037836000002,223.99037836000002,1.78274838
600871,石化油服,2.24,1.357,0.59081,64.0,4.417,424.63782665919996,303.4530766624,1.78231915
603009,北特科技,40.17,-2.877,1.27645,114.771,6.768,139.1447886855,139.1447886855,1.78192324
002229,鸿博股份,10.63,0.473,3.42479,-35.961,4.926,52.745155174400004,52.4225001269,1.78049885
002219,新里程,2.17,1.402,2.50346,230.851,3.798,74.9067020401,70.999609814,1.78027379
600132,重庆啤酒,44.22,0.363,0.82702,17.409,11.704,214.01206375560002,214.01206375560002,1.77744341
603612,索通发展,17.38,2.962,2.07651,11.51,1.465,86.5705549742,86.5705549742,1.77651399
603363,傲农生物,2.95,4.24,2.8072,98.333,2.601,80.566323867,63.324395206000005,1.77051565
600380,健康元,10.28,0.195,0.9346,14.082,1.205,188.0678080808,188.0678080808,1.77042591
002057,中钢天源,8.9,1.947,2.67047,38.181,2.056,67.095649834,67.044937901,1.76865859
603099,长白山,39.51,1.542,1.64242,82.313,7.145,107.60780028599999,107.60780028599999,1.75992726
002728,特一药业,9.36,-0.742,3.72101,58.5,2.601,48.0457984032,46.9225141632,1.75953797
000420,吉林化纤,3.83,1.592,1.87899,416.304,2.121,94.1746575369,94.1427651269,1.75929846
603052,可川科技,53.39,-2.216,1.74167,667.375,9.418,100.3183588598,100.3183588598,1.75539886
603519,立霸股份,16.17,3.059,4.14169,27.407,3.414,43.0652115663,43.0652115663,1.75227597
600566,济川药业,25.93,0.116,0.72731,13.435,1.595,239.023066718,238.216669648,1.75171023
603301,振德医疗,83.19,-2.496,0.80128,84.03,3.834,219.5186315775,219.5186315775,1.74950722
603918,金桥信息,11.31,1.892,4.25181,-70.688,4.22,41.2936611906,41.2936611906,1.74845018
603733,仙鹤股份,21.1,0.333,1.01575,14.755,1.968,172.44043152999998,172.44043152999998,1.74549562
600325,华发股份,2.47,0.407,2.55985,-0.71,0.793,67.9781572652,67.9781572652,1.74318474
603285,键邦股份,34.16,-4.287,8.12928,40.188,3.174,54.656,21.280580048,1.74300936
001369,双欣材料,13.13,3.142,6.42546,21.177,2.133,150.6011,27.2386357529,1.73886073
002426,胜利精密,2.75,0.0,1.8716,-13.046,5.699,93.57221269,93.57149700250001,1.73782441
001296,长江材料,20.01,0.351,11.02467,23.522,1.648,29.9331763086,15.427043667,1.73050441
600056,中国医药,9.47,0.745,1.21638,29.93,1.179,141.6598121356,141.60978496660002,1.72885899
603589,口子窖,20.47,1.74,1.4132,18.115,1.141,122.4350559184,122.4350559184,1.72711246
002470,金正大,2.0,2.564,2.63268,190.476,3.083,65.72055483999999,65.71471834,1.71904604
002067,景兴纸业,4.52,-1.094,2.84992,113.0,0.997,66.6633941556,60.459694155600005,1.71860578
002318,久立特材,20.4,2.153,0.88527,12.83,2.186,199.34282688,194.621120196,1.71747312
002670,国盛证券,11.19,0.089,0.94414,79.305,1.91,216.53597267069998,181.65293594460002,1.71672826
001206,依依股份,17.67,5.556,9.29981,17.67,1.752,32.6707358736,18.8829497286,1.71655273
002702,海欣食品,4.91,3.151,7.69403,-56.178,2.632,27.287815999999996,22.524318125,1.71647912
000690,宝新能源,4.84,0.833,1.63659,10.298,0.805,105.3129725208,105.24426088,1.71541618
600741,华域汽车,16.0,0.0,0.33754,6.999,0.741,504.43583744,504.43583744,1.71427134
001314,亿道信息,53.38,-0.503,2.59582,116.043,3.606,76.1380292,66.2442527806,1.71293925
002829,星网宇达,21.26,2.113,5.57334,-40.113,2.853,44.1802771644,31.050766602399996,1.71101775
600784,鲁银投资,8.11,6.43,3.14564,32.44,1.65,54.7953996647,54.7953996647,1.70943679
002249,大洋电机,7.44,0.541,1.23701,16.909,1.809,183.54384418319998,138.6649814952,1.70786636
002557,洽洽食品,19.61,1.291,1.71575,31.226,1.819,99.1982157016,98.8871226616,1.70700111
000564,供销大集,1.44,2.128,0.79453,-15.551,1.795,260.03611229759997,217.36626516,1.70376074
002170,芭田股份,11.7,1.211,1.84466,12.395,2.804,113.536356219,92.298338379,1.70251484
603132,金徽股份,18.88,-0.211,0.92437,34.327,5.446,184.6464,184.6464,1.6952444
603336,宏辉果蔬,10.01,-2.721,2.74151,333.667,4.24,60.93276639450001,60.93276639450001,1.69330752
600095,湘财股份,8.16,-0.244,0.72246,50.092,1.896,233.3097198288,233.3097198288,1.69157454
002009,天奇股份,17.85,0.225,2.68667,127.5,3.497,71.7986274495,63.1974910665,1.69093503
002017,东信和平,13.81,-1.145,2.11337,49.128,4.289,80.1576466329,80.1098603042,1.68943942
002803,吉宏股份,19.43,-0.257,2.96367,29.0,3.213,88.9732319084,57.8167193968,1.68853722
002467,二六三,4.79,-0.416,2.60483,-22.81,4.214,65.88031271669999,65.4701369695,1.68710838
003023,彩虹集团,23.93,2.616,6.86133,39.593,1.588,25.208244880000002,25.1552911402,1.68476872
600502,安徽建工,4.64,1.978,2.12308,5.8,0.653,79.6471747232,79.6471747232,1.68239844
601901,方正证券,7.05,0.142,0.28956,14.688,1.107,580.3631483475,580.3631483475,1.67995099
002544,普天科技,17.2,2.259,1.46228,466.125,3.142,117.05182908,117.040557232,1.67747903
002488,金固股份,8.96,1.934,2.04806,196.923,2.571,89.191340224,82.4395263104,1.6770222
603201,常润股份,16.63,-0.3,5.24663,14.588,1.766,31.593627768599998,31.3233935946,1.67678638
002774,快意电梯,16.85,0.357,3.59728,79.145,4.673,56.73191115,47.4779391725,1.67517887
002127,南极电商,3.17,-0.627,2.64481,-26.751,1.998,77.8193917751,63.2330360049,1.67463166
603713,密尔克卫,67.12,-1.439,1.55898,16.987,2.18,107.1279418656,107.1279418656,1.67104367
000921,海信家电,26.8,1.323,0.67489,11.502,2.006,371.142793828,247.56846282799998,1.66956299
002068,黑猫股份,8.11,0.62,2.83105,-12.744,2.557,59.6364953956,59.6068229331,1.66941695
600606,绿地控股,1.31,2.344,0.91185,-0.701,0.478,184.1102599134,184.1102599134,1.66839845
600516,方大炭素,5.22,0.578,0.79656,261.0,1.286,210.1556532096,210.1556532096,1.66738855
000555,神州信息,10.83,-0.642,1.57457,184.497,1.858,105.6763715271,105.5526008721,1.66508742
002007,华兰生物,13.42,-0.074,0.78226,26.053,2.09,245.0077303212,211.16947784679996,1.6645624
002766,索菱股份,4.11,0.244,4.76834,-63.721,3.313,35.3396633664,35.221799499,1.66043586
603178,圣龙股份,17.23,1.056,4.11069,-19.36,3.559,40.7337670963,40.7337670963,1.65940044
002100,天康生物,7.26,2.542,1.67158,48.4,1.445,99.11725998899999,99.11725998899999,1.65724201
601777,千里科技,8.45,-0.705,0.43167,422.5,3.692,382.03295599949996,382.03295599949996,1.65663979
600295,鄂尔多斯,12.59,4.568,0.67134,14.988,1.568,352.36593037859996,248.7250503786,1.65619303
000670,盈方微,6.91,1.023,2.88617,-68.552,189.835,58.4547633607,57.3841003207,1.64580565
002946,新乳业,16.96,1.984,1.13921,19.953,3.818,145.9718347648,144.28122584,1.64366071
002369,卓翼科技,5.86,-1.347,4.97011,-12.859,17.763,33.223638007999995,33.1795255102,1.6403212
002106,莱宝高科,10.47,-1.598,2.22778,30.147,1.316,73.89895195199999,73.8032881902,1.6399897
002546,新联电子,8.61,0.116,2.38232,12.478,1.848,71.8116271656,68.9860834656,1.63860698
000829,天音控股,8.42,1.324,1.91199,-400.952,2.979,86.3134568796,86.2317181298,1.63783886
002736,国信证券,10.15,0.495,0.16765,10.05,1.037,1039.5369205900001,975.6615817655,1.63605697
001358,兴欣新材,26.5,4.208,12.11513,67.949,2.242,32.648,13.50872162,1.63522063
002302,西部建设,5.11,5.144,2.57431,-8.642,0.832,64.5063049344,64.5063049344,1.63334064
603305,旭升集团,11.91,-0.915,1.18353,31.342,1.471,137.6448890196,137.6448890196,1.63165631
603985,恒润股份,16.96,0.713,2.18648,89.076,2.238,74.7695173088,74.7695173088,1.63159093
603995,甬金股份,24.51,3.026,1.84522,16.232,1.508,89.1206989893,89.1206989893,1.62909069
001388,信通电子,25.29,10.004,5.16143,25.29,4.082,59.1194214,31.6424868588,1.62893597
601579,会稽山,15.65,3.987,2.1617,30.096,1.931,75.03602350850001,75.03602350850001,1.62392834
002659,凯文教育,4.78,2.137,5.69797,-159.333,1.333,28.5978023552,28.597667941600005,1.62360481
600619,海立股份,14.0,-0.568,1.46827,200.0,2.435,150.26821684,110.48447172,1.62088352
605288,凯迪股份,57.44,-1.678,2.80124,66.023,2.538,56.83240944479999,56.4511571888,1.61992303
603161,科华控股,15.49,10.014,5.61562,30.373,1.97,30.113753504500004,29.546981374999998,1.61847811
600062,华润双鹤,16.38,0.122,0.94713,10.27,1.404,170.1198153018,170.0613185544,1.61693691
002291,遥望科技,5.64,1.257,3.33701,-8.057,1.773,52.7413519092,49.018665227999996,1.61571775
002948,青岛银行,5.8,1.933,0.79312,6.824,0.793,337.580573992,204.287295848,1.61242386
603160,汇顶科技,51.94,-0.288,0.66616,28.538,2.581,242.031442947,242.031442947,1.61105023
600221,海航控股,1.34,0.752,0.28056,29.13,8.328,579.089475969,574.1299001021999,1.61103172
603000,人民网,16.99,-0.643,0.85379,88.306,4.882,187.8569104144,187.8569104144,1.60870622
600178,东安动力,10.05,5.901,3.47975,376.404,1.846,46.8808541805,46.8808541805,1.60765908
603883,老百姓,12.74,2.825,1.66058,25.48,1.422,96.6826160664,96.6826160664,1.60504952
600313,农发种业,5.85,1.563,2.55511,73.125,2.812,67.9403771865,63.30862178550001,1.60258982
600761,安徽合力,17.45,1.277,1.03231,12.737,1.394,155.4258867945,155.4258867945,1.60005631
000980,众泰汽车,1.75,1.744,1.8338,-25.0,269.231,88.2445854325,88.2437665025,1.59928502
002376,新北洋,6.48,-1.669,3.11278,68.282,1.378,52.524452656799994,51.006244644000006,1.59247897
002534,西子洁能,15.76,-2.173,1.21371,27.649,2.325,131.7433838952,130.0771689272,1.59053244
603392,万泰生物,30.4,-0.426,0.41046,-98.065,3.251,384.375412416,384.375412416,1.58931587
601618,中国中冶,2.64,0.763,0.33739,1320.0,0.529,546.2587460880001,471.30914608800003,1.58900474
603687,大胜达,14.63,1.246,1.99486,104.5,2.459,80.4696617032,80.4696617032,1.58895805
601186,中国铁建,6.17,0.162,0.22362,5.229,0.301,837.85771055,709.75024735,1.58821333
002137,实益达,8.0,-0.249,5.05385,107.239,3.005,46.200388319999995,31.71664648,1.58807538
000889,中嘉博创,3.99,0.251,4.6486,-140.989,53.774,37.358015528399996,34.7068213254,1.58734503
603102,百合股份,37.65,0.373,6.8425,18.366,1.406,24.096,24.096,1.5868084
600776,东方通信,12.92,-0.92,1.2887,45.317,4.249,162.27520826880001,123.51520826880001,1.58365945
600859,王府井,10.27,1.885,1.37748,-293.429,0.594,115.4277572448,115.4171421728,1.58007713
000065,北方国际,9.16,0.549,1.622,13.471,0.95,106.3881017644,97.5557012868,1.57890728
002097,山河智能,7.45,2.759,1.99211,95.147,1.709,80.058986168,79.9108824775,1.57872475
603508,思维列控,22.11,-2.941,1.87778,15.144,2.045,84.29976475469999,84.29976475469999,1.57856696
000723,美锦能源,3.59,1.989,1.0104,-14.36,1.28,158.0857312058,157.78681990779998,1.57789152
002895,川恒股份,35.34,0.684,0.74508,16.138,2.703,214.1273157522,211.8840385722,1.57453094
600456,宝钛股份,28.94,1.118,1.14647,34.489,1.909,138.2688197866,138.2688197866,1.57376751
000050,深天马Ａ,6.75,-0.148,0.96179,98.974,0.608,164.4148529325,164.413561995,1.57287192
600268,国电南自,11.24,0.357,1.36962,23.417,3.021,114.1519464288,114.14168858000001,1.57069619
600038,中直股份,26.84,1.898,0.87874,33.757,1.249,220.05933836920002,179.5422133164,1.56845152
002132,恒星科技,4.21,0.477,2.68819,421.0,1.669,59.00503178580001,58.90574790310001,1.56779699
000551,创元科技,13.59,0.147,2.3853,22.26,2.163,65.8752209514,65.8499647518,1.56636673
000998,隆平高科,8.39,2.192,1.43243,69.917,1.82,123.28669231789999,110.27905168920002,1.56593586
000591,太阳能,4.49,0.899,0.89941,21.391,0.73,175.3278985775,175.2624815674,1.56553829
000820,神雾节能,3.81,1.33,14.11467,-38.369,28.647,24.633752319899997,11.3144380137,1.56544074
600633,浙数文化,11.17,-0.534,1.10609,24.822,1.361,141.64391852239999,141.64391852239999,1.5638695
000987,越秀资本,7.83,1.032,0.39924,11.202,1.18,392.8414717746,392.5448851554,1.56194335
600133,东湖高新,8.44,-0.589,1.72461,32.587,0.988,89.99064545,89.99064545,1.55721802
002199,东晶电子,13.78,0.218,4.83783,-65.619,18.522,33.5463576214,31.8224424154,1.55583767
002937,兴瑞科技,30.05,-0.166,1.65912,61.327,6.375,94.9609235645,94.7130050545,1.5558326
000552,甘肃能化,2.55,0.394,1.63701,-63.75,0.835,136.471327788,95.00824532099999,1.55569835
002675,东诚药业,13.23,0.532,1.57253,55.776,2.545,109.09401177149999,98.3497024062,1.55333348
000417,合百集团,6.0,0.671,3.3353,29.211,0.982,46.793052,46.74164706,1.55146319
000778,新兴铸管,3.81,1.6,1.04956,15.948,0.567,150.9972450585,148.343126859,1.55010837
600746,江苏索普,6.97,4.03,1.92583,90.874,1.494,81.3986490148,81.3986490148,1.54565749
600509,天富能源,7.77,0.517,1.43704,46.416,1.374,106.79067852390001,106.79067852390001,1.54137443
601339,百隆东方,8.03,-0.619,1.24679,18.25,1.307,120.41539069999999,120.41539069999999,1.53651392
002777,久远银海,13.56,3.04,2.8049,71.368,3.256,55.3561287528,54.851758179600004,1.53611881
000708,中信特钢,13.94,0.36,0.21717,11.915,1.577,703.5739127432,703.5707762431999,1.53500457
002163,海南发展,8.45,2.3,2.27355,-15.089,12.01,71.3989397615,67.89987993749999,1.53053701
000598,兴蓉环境,7.21,1.264,0.70987,10.718,1.062,215.1470287841,215.1181689566,1.52697225
002881,美格智能,37.11,-1.487,2.24312,68.217,4.112,112.09862231999999,67.91907825599999,1.52622902
601156,东航物流,17.8,2.594,0.91763,10.533,1.398,282.58488896800003,168.138008968,1.5250095
002860,星帅尔,16.54,-0.241,2.71103,28.517,2.48,58.2448021864,56.893087557200005,1.52414201
605167,利柏特,14.92,-0.798,2.00348,30.449,3.694,76.07821302480001,76.07821302480001,1.5215598
603187,海容冷链,12.67,4.28,3.1898,12.422,1.137,48.9565684447,48.4452515897,1.51922335
002350,北京科锐,16.51,0.061,1.74268,155.461,4.998,89.5389060501,87.5938167221,1.51775338
600594,益佰制药,3.76,0.267,5.15072,-8.952,1.367,29.493210639999997,29.493210639999997,1.51456206
600982,宁波能源,5.17,1.373,2.63094,17.361,1.266,57.7813409745,57.7813409745,1.51430931
600518,康美药业,1.36,1.493,0.80446,1942.857,2.586,188.072994984,187.9839897568,1.51144185
603391,力聚热能,62.29,3.163,10.70945,25.117,2.498,56.6839,14.170975,1.50798543
000791,甘肃能源,7.92,1.279,0.99224,12.524,1.652,256.91210756640004,153.3020770512,1.50749499
600590,泰豪科技,8.64,0.817,2.08584,123.429,2.269,73.6879464,72.8844067872,1.5023933
601515,衢州东峰,3.58,4.678,2.1741,-14.917,1.406,68.89605002180001,68.89605002180001,1.50135273
000735,罗 牛 山,5.31,3.711,2.47995,39.775,1.467,61.14537099180001,61.11265815269999,1.50034626
000526,学大教育,36.1,2.266,3.42864,21.989,4.227,43.991860349,43.851936749,1.49981532
601106,中国一重,3.21,1.262,0.68843,-70.705,4.262,220.1348319567,220.1348319567,1.49922741
603195,公牛集团,40.98,0.713,0.20257,18.133,4.148,739.0521744882,737.706942879,1.49904323
000966,长源电力,4.22,0.957,1.02609,-222.105,1.092,146.8996776752,146.8996776752,1.49860613
601808,中海油服,12.1,0.166,0.41589,15.029,1.215,577.3626320000001,358.21662799999996,1.49609575
603439,三力制药,11.63,3.932,3.17757,105.727,3.145,46.966617120799995,46.966617120799995,1.49299262
600008,首创环保,2.86,0.704,0.70848,11.848,0.992,209.94089336219997,209.94089336219997,1.48928661
600039,四川路桥,8.46,1.439,0.20267,10.071,1.39,735.6469685669999,735.6469685669999,1.48904156
002134,天津普林,22.36,-0.843,2.71269,1118.0,10.811,55.4120591856,55.3762883284,1.48722614
600971,恒源煤电,8.4,2.941,1.48328,-52.566,0.849,100.800410256,100.800410256,1.48345441
000692,惠天热电,4.15,-4.157,6.74878,-41.335,11.925,22.112568504000002,22.112568504000002,1.48234848
001221,悍高集团,39.85,-1.605,4.9251,21.31,5.243,159.403985,30.632517268999997,1.48054067
601555,东吴证券,8.03,0.0,0.36981,11.31,0.912,398.98683781110003,398.98683781110003,1.479666
600642,申能股份,8.38,0.48,0.36022,10.41,1.076,410.12385170880003,410.1015424728,1.47889945
002183,怡 亚 通,4.64,0.216,1.23646,-38.667,1.33,120.5012218224,120.5005258224,1.47745133
003021,兆威机电,79.36,-2.206,0.89214,74.868,4.135,212.34565504,164.58803712,1.47397769
600995,南网储能,12.86,1.741,0.36026,24.264,1.779,411.00634652300005,411.00634652300005,1.47332868
000875,电投绿能,5.21,0.579,0.84786,37.214,1.075,188.9807996146,174.13796502070002,1.47159249
002901,大博医疗,44.19,-0.808,1.14323,30.061,4.912,182.9552197014,127.44936134369999,1.47119668
002154,报 喜 鸟,4.27,4.146,2.94906,18.565,1.278,62.3135502283,50.3763211056,1.47093086
603130,云中马,44.33,10.0,2.46753,58.329,4.249,60.96004486,60.96004486,1.46948133
600452,涪陵电力,9.71,0.31,0.98749,37.346,2.597,149.1981946034,149.1981946034,1.46921132
600882,妙可蓝多,22.38,0.089,1.28323,94.831,2.448,113.7919261986,113.7919261986,1.46885862
603730,岱美股份,10.36,2.473,0.66385,33.419,4.475,222.5943053516,222.5943053516,1.46779268
600191,华资实业,10.64,-0.561,2.87035,87.428,3.004,51.596764799999995,51.596764799999995,1.4666926
600446,金证股份,11.22,0.809,1.39138,-62.963,2.986,105.61021114380002,105.61021114380002,1.46549699
000402,金 融 街,2.54,3.252,1.92824,-1.411,0.382,75.9188196378,75.9118102538,1.46459052
600327,大东方,3.94,10.056,4.31553,-14.071,1.234,34.8603130092,34.8603130092,1.46443618
603333,福华尚纬,9.17,0.109,2.58436,-114.625,2.792,56.994079636200006,56.994079636200006,1.45703479
605296,神农集团,31.58,6.223,0.90601,48.585,3.883,166.1836291644,163.5794792044,1.45673536
605007,五洲特纸,16.74,5.949,1.88774,32.824,2.183,79.6372025022,79.4442070422,1.4554837
002177,御银股份,5.8,-0.344,3.69297,341.176,2.57,44.149095052,39.623288874,1.4545722
000782,恒申新材,7.93,3.796,3.53104,-36.045,3.367,54.445913663700004,41.8814721039,1.4527734
002196,方正电机,11.16,0.36,2.67269,263.83,3.881,55.339307388,54.506601421199996,1.44699783
601399,国机重装,3.32,0.0,0.60416,51.633,1.61,239.49005554800002,239.49005554800002,1.44443287
002019,亿帆医药,10.36,0.193,1.63966,31.394,1.417,126.018012806,87.284896398,1.44294397
002838,道恩股份,26.0,-1.478,1.31824,63.415,3.31,124.38358452000001,109.36424824000001,1.44222101
601800,中国交建,6.07,0.165,0.202,7.141,0.338,984.1768271353001,711.5783958953,1.44027598
601000,唐山港,4.64,-0.642,0.52063,13.76,1.254,274.9630876896,274.9630876896,1.43872104
600739,辽宁成大,10.92,0.275,0.86049,22.571,0.564,166.23689933760002,166.23689933760002,1.43567306
600816,建元信托,2.56,1.992,1.03491,215.126,1.648,252.01787530240003,140.0099307264,1.43531261
002727,一心堂,11.71,3.081,3.10919,25.618,0.917,68.5742430375,46.0103942768,1.43396805
002399,海普瑞,10.96,10.04,1.07498,46.012,1.32,160.8156639584,136.6933067584,1.42648743
603027,千禾味业,7.61,1.874,1.41092,29.135,2.882,101.2692083732,101.2692083732,1.42609215
603507,振江股份,24.38,-0.408,2.46454,39.967,2.24,58.2521077372,57.6108747292,1.42353059
002588,史丹利,8.86,2.428,1.86704,9.844,1.292,102.057629428,76.075200102,1.42286112
002583,海能达,8.43,1.2,1.32506,-59.45,7.529,153.3096138183,108.13731542400001,1.42180831
600623,华谊集团,8.5,2.286,0.89238,32.692,0.799,180.15671919,159.462952305,1.41687975
600833,第一医药,11.01,9.99,5.88027,42.346,2.079,24.5618068047,24.5618068047,1.41610102
600072,中船科技,9.01,1.693,1.4551,-4.007,1.778,135.2085387809,97.6086921716,1.41500236
600540,新赛股份,4.01,3.085,6.11319,-16.374,6.058,23.313216096,23.313216096,1.41376914
600203,福日电子,10.29,-1.058,2.31755,-125.795,3.698,61.0184736378,61.0184736378,1.41096581
603655,朗博科技,30.78,2.463,4.43756,71.581,5.666,32.6268,32.6268,1.40806808
600846,同济科技,12.81,6.839,1.80567,29.114,1.842,80.03195019959999,80.03195019959999,1.40762212
600612,老凤祥,36.06,3.413,1.233,10.749,1.374,188.6362656984,114.349732578,1.40155279
002826,易明医药,17.8,-0.224,4.22766,35.6,4.05,33.9406395,32.881817358,1.39722327
601018,宁波港,3.39,1.194,0.21203,12.556,0.805,659.5037667261,659.5037667261,1.39695455
000902,新洋丰,13.54,1.045,0.89915,10.578,1.381,169.89099510900002,154.7328543518,1.39656994
002923,润都股份,11.46,2.873,4.71337,-60.316,3.641,38.3787705756,29.5765218618,1.39314838
600339,中油工程,3.34,0.0,0.74475,52.351,0.693,186.4771255314,186.4771255314,1.3923318
002696,百洋股份,6.03,10.036,7.03577,51.407,1.533,20.8489801896,20.1558127554,1.39230651
000727,冠捷科技,2.25,0.897,1.37892,-12.991,5.653,101.91525705000001,101.91525705000001,1.39228574
002685,华东重机,5.49,1.292,2.54278,82.931,3.354,55.3222161909,55.3148005734,1.39180794
002849,威星智能,16.5,-2.077,3.86794,68.75,2.644,36.40461264,36.10968636,1.39079266
600850,电科数字,15.52,0.583,1.10088,32.313,2.58,126.6802134928,126.6802134928,1.39034836
002139,拓邦股份,10.19,-0.488,1.26746,33.967,1.815,127.0524852772,109.1440554093,1.38717388
603983,丸美生物,30.85,2.152,1.13435,49.758,3.604,123.7085,123.7085,1.38525171
002681,奋达科技,4.59,0.438,1.93689,-91.8,3.866,82.3745374488,72.0292551462,1.3836331
600350,山东高速,10.73,-1.197,0.26641,19.688,1.691,518.7494495225001,518.7494495225001,1.38333122
002987,京北方,11.26,-0.354,1.21345,29.632,3.899,117.1554678836,114.1679924958,1.38141723
000035,中国天楹,4.89,1.452,1.2272,40.75,1.085,116.7748024041,113.10695907719999,1.37987723
603590,康辰药业,32.81,-0.395,2.62204,31.248,1.62,52.1713375037,51.9131228037,1.37903641
002189,中光学,19.84,6.267,2.72114,-22.992,12.403,51.8219357632,51.8141283264,1.37870212
002047,宝鹰股份,3.24,1.887,2.87148,81.0,120.896,49.1264576532,49.1235495588,1.37480761
002833,弘亚数控,18.83,4.033,2.51044,18.644,2.704,80.7938167897,55.1844422864,1.3746884
600398,海澜之家,6.13,1.322,0.46641,13.622,1.529,294.4098191448,294.4098191448,1.37285126
605299,舒华体育,12.69,3.339,2.68006,57.682,4.028,51.7319661852,51.7319661852,1.37144456
002560,通达股份,6.52,2.194,3.35503,21.032,1.743,47.93971321,41.294294816000004,1.37121233
600688,上海石化,2.87,0.0,0.65047,-21.103,1.286,302.57312225000004,210.33694745,1.37085346
002936,郑州银行,1.77,0.568,1.0987,11.063,0.348,160.9300170366,124.4185372707,1.37040609
000848,承德露露,8.99,2.275,1.5096,14.983,2.471,91.6980066526,90.90185225260001,1.36934739
600383,金地集团,2.27,0.889,1.32856,-0.772,0.229,102.4810470844,102.4810470844,1.36897212
601882,海天精工,19.86,2.318,1.31586,24.22,3.388,103.6692,103.6692,1.36813531
000812,陕西金叶,3.66,6.087,5.00742,-12.373,1.855,27.681721444200004,27.658235590199997,1.36687953
000925,众合科技,7.78,2.1,2.65526,-86.444,1.634,52.621574952399996,52.2156596764,1.36644468
003013,地铁设计,18.57,-3.18,1.83071,16.148,2.541,85.5627236457,74.7398667372,1.36632579
603956,威派格,6.93,0.145,3.48191,-24.75,2.143,39.494505619799995,39.494505619799995,1.35941129
601608,中信重工,4.9,0.204,0.60747,59.756,2.381,224.398118413,224.398118413,1.3577912
601878,浙商证券,9.48,0.317,0.31202,17.887,1.15,433.5959213772,433.5959213772,1.35318644
002438,江苏神通,14.1,0.786,2.04221,25.076,1.88,71.562782001,66.112174047,1.35074873
002657,中科金财,15.84,0.253,2.5448,-49.177,3.376,53.864236008,53.242586496,1.35019093
002548,金新农,4.16,5.316,4.09844,-11.556,3.291,34.4520241728,33.4660140672,1.34945552
000572,海马汽车,3.93,2.611,2.11257,-43.57,4.103,64.6342115418,64.5405455331,1.34897998
600704,物产中大,4.98,0.201,0.5222,7.217,0.611,257.52475852199996,257.52475852199996,1.34821879
601598,中国外运,6.68,3.246,0.39248,11.933,1.148,479.20658196360006,344.5190111636,1.34687264
002041,登海种业,8.95,0.449,1.71553,85.893,2.132,78.76,78.76,1.34471463
601825,沪农商行,8.27,-0.241,0.1725,6.461,0.606,797.5955556015,775.2663040281,1.34433933
603693,江苏新能,12.45,3.063,1.21568,21.842,1.545,110.98874706,110.98874706,1.34223418
600433,冠豪高新,3.41,1.791,2.26779,-20.059,1.343,59.6845218453,59.6845218453,1.34211949
000049,德赛电池,24.81,0.608,1.41058,32.649,1.403,95.42882028540001,95.4030992622,1.34083262
000668,荣丰控股,20.72,5.714,4.38074,115.111,4.072,30.425639607999997,30.425639607999997,1.33945298
601969,海南矿业,9.38,2.29,0.72978,42.636,2.663,186.14697712379999,185.01830658080002,1.33714684
603331,百达精工,13.32,6.988,5.04744,-11.893,2.585,26.929794715199996,26.929794715199996,1.33645191
600617,国新能源,3.51,2.933,2.17065,-21.938,2.117,67.7146313376,62.3215483839,1.33423296
000810,创维数字,9.64,-0.31,1.25337,61.168,1.683,110.8788538156,107.06243527,1.33421271
601021,春秋航空,45.77,0.219,0.29773,19.231,2.402,447.78320770709996,447.78320770709996,1.33228568
002033,丽江股份,8.82,1.848,2.76084,22.703,1.846,48.4650807102,48.464151964200006,1.33190896
603300,海南华铁,5.01,1.212,1.33985,19.269,1.501,100.1593296717,100.1593296717,1.33190668
600061,国投资本,6.43,0.469,0.32342,12.86,0.752,411.1404868039,411.1404868039,1.33155254
001965,招商公路,9.39,-0.53,0.20756,14.321,0.91,638.0594197488,638.0594197488,1.3292556
001365,天海电子,37.39,-1.215,6.16961,0.0,3.163,196.2975,21.5013610394,1.32709715
601965,中国汽研,14.39,1.768,0.92036,13.575,1.803,144.2811028893,143.6705841153,1.32582502
600511,国药股份,27.68,0.545,0.85995,10.46,1.097,208.84642984639999,153.1662901632,1.32451867
603324,盛剑科技,27.78,-1.209,3.27836,-231.5,2.582,42.108529524,40.690388303999995,1.32415699
600993,马应龙,23.91,1.918,1.29205,17.711,2.244,103.0649853381,102.88902567059999,1.31909933
001210,金房能源,22.27,1.782,4.47792,25.98,3.316,48.8910560342,29.7126097257,1.31855001
002637,赞宇科技,11.01,0.732,2.61302,27.525,1.372,51.791150099999996,51.1937107266,1.3170334
000935,四川双马,22.73,2.48,0.7686,58.282,2.216,173.52998769090001,173.52998769090001,1.3158733
002755,奥赛康,13.74,-0.937,1.01939,54.96,3.863,127.52923222739999,127.5278719674,1.3135776
002687,乔治白,5.36,6.986,6.07722,31.529,1.729,27.056180717599997,22.1578935832,1.31289694
000917,电广传媒,7.16,-0.279,1.29666,73.814,0.986,101.49703380080001,101.49009039079999,1.31268448
600970,中材国际,7.87,0.511,0.63433,7.22,0.882,206.3366771188,206.3366771188,1.31051852
000709,河钢股份,2.15,0.939,0.59014,27.635,0.427,222.248103478,222.21136655700002,1.30434517
002263,大东南,3.07,0.987,2.28607,307.0,2.076,57.66565507,57.665194570000004,1.30149435
601121,宝地矿业,7.38,4.385,2.21054,41.0,1.66,72.6371148024,59.04,1.29811325
000404,长虹华意,7.91,2.995,2.39259,11.077,1.247,55.05328193889999,54.7948043377,1.29623865
002785,万里石,35.09,1.622,1.91685,-96.667,9.999,79.5208509755,67.89740357069999,1.29520813
600996,贵广网络,6.96,-0.855,1.51578,-6.566,5.531,86.7772698384,86.7772698384,1.29477706
600361,创新新材,3.8,1.877,0.91996,18.887,1.244,141.84119069399998,141.84119069399998,1.29254428
002973,侨银股份,11.66,3.922,3.59468,25.911,1.842,47.65042062,37.0383488948,1.29110291
000503,国新健康,7.54,2.03,1.74052,-18.274,7.698,73.8356363888,73.83435458880001,1.29009424
603382,海阳科技,20.0,10.011,5.66816,27.778,2.047,36.2502736,23.0971772,1.28926977
002242,九阳股份,9.13,4.105,1.84873,57.063,2.0,69.6634521,69.5419066925,1.28797384
002840,华统股份,8.24,1.603,1.96531,-45.778,1.838,66.0985107832,65.6421108616,1.28784342
000721,西安饮食,6.72,3.864,3.76368,-26.363,30.407,38.567041497599995,34.430612697600004,1.28612497
001378,德冠新材,20.35,1.143,7.43223,32.823,1.856,35.27340388,17.163558538500002,1.27533259
603330,天洋新材,7.94,3.791,3.76892,-13.458,2.636,34.3542877306,34.3542877306,1.27518212
600116,三峡水利,6.58,2.813,1.01666,28.609,1.11,125.8190030832,125.8190030832,1.27419702
002918,蒙娜丽莎,9.99,2.147,5.99579,76.846,1.264,40.8411093087,21.3990759036,1.27391113
601238,广汽集团,5.33,1.524,0.32245,-6.271,0.521,543.50361247,393.5510818135,1.27187241
600812,华北制药,5.02,1.21,1.4854,46.916,1.552,86.12966457399999,86.12966457399999,1.27132112
605286,同力天启,25.61,10.009,3.09857,21.703,1.993,43.0248,43.0248,1.27066351
601218,吉鑫科技,4.68,1.739,2.83554,33.548,1.496,45.3507683616,45.3507683616,1.2691245
601929,吉视传媒,2.42,1.255,1.51791,-18.375,1.805,84.45287366560001,84.45287366560001,1.26911567
600120,浙江东方,5.16,0.781,0.72017,18.429,1.074,176.2336849872,176.2336849872,1.26546719
600120,浙江东方,5.16,0.781,0.72017,18.429,1.074,176.2336849872,176.2336849872,1.26546719
002063,远光软件,5.64,1.257,1.26954,35.832,2.707,108.0326668788,99.7807403532,1.26156675
601333,广深铁路,2.98,0.676,0.75045,14.804,0.729,211.0894026,168.4366626,1.26148852
000912,泸天化,3.79,4.696,2.15296,189.5,0.937,59.4272,59.4272,1.26024337
002735,王子新材,12.0,0.334,3.71448,-28.571,2.881,45.030522360000006,34.20712092,1.25632827
603316,诚邦股份,14.3,0.351,3.34687,-31.595,6.987,38.609857,37.789752,1.25556031
002695,煌上煌,11.14,3.244,2.23255,76.301,2.217,62.3378582314,56.97609635759999,1.25525364
600791,京能置业,7.42,2.204,3.76123,-2.878,-5.542,33.603696,33.561676243200004,1.25441493
002713,东易日盛,9.59,-1.439,2.50466,239.75,10.506,91.2397571456,50.4914296929,1.25233244
600750,华润江中,24.98,0.848,0.7938,17.469,3.679,158.7699545922,157.0805571922,1.25048914
603927,中科软,13.92,1.016,1.08267,51.651,3.643,115.680768,115.680768,1.24970424
605222,起帆电缆,20.41,3.237,1.5083,49.78,1.791,84.2744723873,84.2744723873,1.24923099
603707,健友股份,8.19,1.111,0.93854,22.75,1.906,132.321818538,132.321818538,1.24735386
605060,联德股份,41.96,-0.686,1.24048,44.168,3.994,100.9524032,100.25939183999999,1.2472279
002668,TCL智家,10.37,-2.903,1.0975,9.971,2.921,112.4223550836,112.4223550836,1.24515373
002164,宁波东力,11.69,2.185,2.21729,31.595,3.913,62.2111042441,56.0857142167,1.24299898
600377,宁沪高速,11.99,1.096,0.27233,13.148,1.394,604.02592525,455.8817418199,1.24187178
600712,南宁百货,5.56,1.46,4.17076,-73.254,3.995,30.282838016,29.948849427600003,1.24037055
605337,李子园,9.92,4.752,3.22176,19.077,2.317,38.6981831776,38.6981831776,1.23993011
600109,国金证券,8.74,0.115,0.38247,14.142,0.897,323.84889313400004,323.84889313400004,1.2393403
600458,时代新材,11.63,0.432,1.23774,19.712,1.375,110.75208527599999,101.0843564445,1.23873502
603712,七一二,12.39,2.312,1.31332,-19.359,2.501,95.6508,95.6508,1.2375746
003035,南网能源,5.64,0.714,0.57869,61.639,3.036,213.63636358679997,213.63636358679997,1.23457793
600152,维科技术,8.28,2.096,2.85229,-46.0,2.672,43.80777225,43.80777225,1.22949611
603416,信捷电气,50.23,-2.238,1.7459,29.899,2.861,78.84892073190001,70.094016076,1.22924457
603816,顾家家居,24.81,1.224,0.60829,11.277,1.839,203.8021218639,202.4199138426,1.22869912
002522,浙江众成,5.06,1.403,2.72115,84.333,1.967,45.8324369822,45.7940058774,1.2273663
603188,亚邦股份,4.44,9.901,4.98316,-45.538,3.591,25.315548,25.315548,1.22705539
600023,浙能电力,4.96,0.609,0.18469,8.857,0.862,665.0731443504,665.0731443504,1.22604511
603020,爱普股份,11.01,9.99,3.10326,47.683,1.248,41.3577189174,41.3577189174,1.22565904
603758,秦安股份,11.53,10.019,2.5062,32.943,1.925,49.9382804497,49.9382804497,1.22444889
605488,福莱新材,27.93,-0.036,1.58467,99.75,3.702,83.7867374967,77.0806819335,1.21943335
601963,重庆银行,10.99,2.138,0.54891,7.183,0.671,398.4729884625,223.54289518189998,1.21820377
002146,荣盛发展,1.14,2.703,2.75963,-0.525,0.978,49.5690679014,44.5913434014,1.21759851
605011,杭州热电,17.9,2.052,1.71133,38.085,2.898,71.6179,71.6179,1.21683164
002989,中天精装,23.4,-0.931,2.63946,-28.193,3.385,47.178429012,46.293382512,1.21654862
600868,梅雁吉祥,2.86,1.779,2.26306,-57.2,2.806,54.287052219399996,54.287052219399996,1.21564127
002807,江阴银行,3.98,0.0,1.12732,4.78,0.54,107.7597762666,107.6004549562,1.21519017
000899,赣能股份,11.01,0.824,1.13607,10.689,1.614,107.42212137599999,107.42212137599999,1.21413128
001283,豪鹏科技,43.3,2.123,2.73853,17.53,1.577,56.15149196,44.771722833999995,1.21227789
603530,神马电力,45.42,1.293,0.6286,44.529,10.302,195.94386803339998,194.1545003508,1.21200306
603093,DR南华期,12.52,0.643,1.10243,15.65,2.258,129.975696408,110.43128154800002,1.21196044
603803,瑞斯康达,10.35,-1.146,2.76865,-103.5,2.862,43.975448149500004,43.975448149500004,1.21175275
002995,天地在线,18.31,1.497,5.93983,-25.332,4.05,32.491915288,20.583590784800002,1.2116095
600390,五矿资本,4.92,0.613,0.54662,98.4,0.521,221.30482058279998,221.30482058279998,1.21034811
603286,日盈电子,42.04,0.478,2.50083,-93.422,6.125,49.6045392884,49.1381265084,1.20900978
002276,万马股份,10.49,0.575,1.14833,30.432,1.732,106.0618142854,105.6438087654,1.20897537
002034,旺能环境,14.36,2.061,1.64605,8.497,1.018,74.19829275080001,73.889008794,1.20868818
002669,康达新材,12.29,-0.244,3.27378,28.85,1.344,37.287859999999995,37.20401762,1.20772786
000993,闽东电力,10.48,2.444,2.54177,80.615,1.884,47.993312484,47.993312484,1.20612701
603565,中谷物流,10.4,0.096,0.54853,10.947,1.992,218.40656271199998,218.40656271199998,1.204766
002052,同洲电子,9.46,-2.974,1.82433,39.417,25.554,71.1807950524,65.216024863,1.20376723
600251,冠农股份,9.73,3.181,1.6156,21.622,1.871,75.60147562590001,75.60147562590001,1.20362288
603617,君禾股份,7.22,3.736,4.3374,55.538,1.806,28.144378531399997,27.9216415314,1.20308219
600727,鲁北化工,7.66,1.726,2.98759,109.429,1.21,40.489468141,40.489468141,1.202455
603797,联泰环保,4.59,10.072,4.62628,20.864,0.782,26.466178220999996,26.466178220999996,1.20215709
601369,陕鼓动力,9.43,-1.049,0.73872,21.569,1.787,162.5236445956,160.8957248356,1.20174842
603679,华体科技,22.48,-0.399,3.00355,-29.447,4.537,39.9438615816,39.9438615816,1.20079528
601139,深圳燃气,6.4,0.946,0.6513,13.061,1.116,184.11164512,184.11164512,1.20021177
603568,伟明环保,15.76,2.271,0.37223,12.031,2.107,322.8368890768,322.8368890768,1.19895067
000682,东方电子,12.21,0.164,0.73308,17.951,2.661,163.7027675547,163.68717074490002,1.19888999
601702,华峰铝业,15.66,1.491,0.76779,13.05,2.341,156.36989196,156.36989196,1.19855034
603657,春光科技,27.4,-3.86,3.18404,-342.5,4.246,37.0420737,37.0420737,1.19772859
603155,新亚强,14.07,-0.071,1.86916,54.115,2.87,64.425244002,64.425244002,1.1975113
600481,双良节能,4.38,0.922,1.33937,-7.356,2.083,90.4120164582,90.4120164582,1.19633699
002283,天润工业,9.06,0.0,1.32775,27.455,1.653,103.2348203268,90.85608352739999,1.19380195
600769,祥龙电业,14.95,-0.993,2.14511,294.872,44.231,56.0590914,56.0590914,1.18792146
002806,华锋股份,14.28,3.553,4.78572,-95.2,2.72,30.3420281892,24.862206138,1.18667813
002596,海南瑞泽,3.37,5.643,3.11761,-17.737,7.277,38.673463456600004,38.6379015316,1.18544042
000006,深振业Ａ,6.86,1.932,1.29405,-219.169,1.725,92.6096601556,92.6096601556,1.18450804
603711,香飘飘,12.19,10.018,2.42045,53.0,1.406,50.32935279,50.32935279,1.1821134
000881,中广核技,6.67,3.733,1.96397,-21.962,1.267,63.0599018605,60.27894781169999,1.18067251
002374,中锐股份,3.39,3.988,3.28187,-14.125,6.875,36.7885946937,36.7885946937,1.18004553
002372,伟星新材,8.65,0.116,0.92928,18.404,2.919,137.711285962,127.1643514285,1.17775179
000543,皖能电力,7.86,0.127,0.65993,8.274,1.015,178.17545781660002,178.17545781660002,1.17591426
600153,建发股份,8.74,1.275,0.46374,-2.235,0.588,253.4196693574,253.4196693574,1.17560889
000860,顺鑫农业,10.95,1.577,1.4462,-53.311,1.183,81.2234852955,81.2234852955,1.17348668
002373,千方科技,7.91,1.022,1.07966,46.529,1.085,124.99288780650001,108.9676953666,1.17318128
600827,百联股份,7.78,1.434,0.94138,22.229,0.675,138.8082795026,124.826203776,1.17240725
600329,达仁堂,37.22,0.108,0.55262,13.437,3.81,286.6291193032,211.0706583032,1.17204238
600593,大连圣亚,39.95,1.654,2.28436,188.8,24.925,52.1127775,51.4556,1.17058494
000545,金浦钛业,2.62,3.557,4.57284,-5.23,4.145,25.8550271152,25.8175611152,1.16602414
600320,振华重工,4.18,0.24,0.84234,29.857,1.374,219.72428069020003,138.36660657820002,1.16335446
002575,群兴玩具,5.28,1.538,3.80835,-132.0,3.86,32.5512,30.8523864,1.1615121
603577,汇金通,10.39,4.949,3.33329,34.2,1.785,35.23655249,35.23655249,1.1584006
002324,普利特,9.47,0.745,1.57965,28.277,2.246,105.3382426856,73.5133336014,1.15342379
600100,同方股份,7.11,0.282,0.48505,48.138,1.502,238.2061673943,238.2061673943,1.15305774
002268,电科网安,14.39,0.139,0.9495,210.997,2.214,121.6870323437,121.63212010369999,1.1526161
001301,尚太科技,52.68,0.477,0.8403,14.512,2.674,192.079798356,137.0148778248,1.14875522
002301,齐心集团,7.37,4.243,2.21854,67.0,1.71,53.3593846621,52.915879435099995,1.14743374
603038,华立股份,15.06,10.007,2.90922,188.25,2.821,40.4627721636,40.4627721636,1.14734993
600779,水井坊,28.92,0.696,0.8125,34.523,2.668,140.98592486159998,140.98592486159998,1.14730034
002226,江南化工,5.15,1.578,0.84844,18.007,1.406,136.41952703249999,136.4192813775,1.14674174
002958,青农商行,3.01,0.333,0.69769,5.788,0.436,167.22438747910002,163.73077502319998,1.14486746
605056,咸亨国际,15.24,0.528,1.87624,23.446,3.396,62.39152368,61.47712368,1.13953212
002628,成都路桥,4.97,1.016,3.01522,-49.7,1.333,37.6278906255,37.4631046594,1.13865672
002941,新疆交建,10.9,2.06,1.44553,15.571,1.697,79.54287774800001,79.54287774800001,1.13842548
002408,齐翔腾达,5.15,0.0,0.80309,-25.75,1.336,146.40814119200002,141.68108967999999,1.13798384
600906,财达证券,6.62,0.455,0.80833,28.783,1.717,214.819,140.62435369,1.13674516
603311,金海高科,29.9,1.184,1.63699,90.606,5.231,70.529288193,70.529288193,1.13668933
603313,梦百合,6.26,3.814,3.234,-313.0,1.051,35.718739000999996,35.718739000999996,1.13630648
002886,沃特股份,19.59,-0.204,2.78767,79.634,2.784,51.5615783835,40.9584123276,1.13473129
601375,中原证券,4.15,0.728,0.79336,42.261,1.324,192.67971505,143.07206754999999,1.13467956
605305,中际联合,39.95,0.0,1.33835,15.98,2.771,84.90174,84.90174,1.13409461
002708,光洋股份,10.67,1.426,2.0658,58.434,3.391,59.975853078899995,55.1272539917,1.13311467
600408,安泰集团,2.83,3.285,4.03444,-9.506,2.463,28.492440000000002,28.492440000000002,1.13297053
603897,长城科技,26.51,0.0,2.08636,17.327,2.158,54.72609903309999,54.72609903309999,1.13285341
002274,华昌化工,5.73,2.321,2.11535,-26.701,1.034,54.5704942158,53.738755149,1.13005954
000410,沈阳机床,5.05,3.484,1.14213,-1294.872,3.203,133.7781869545,99.5364258165,1.1281243
603051,鹿山新材,21.61,4.598,3.26753,-44.102,2.052,34.9288688256,34.9288688256,1.12731831
603049,中策橡胶,49.5,1.518,0.44947,10.0,1.694,432.87037101,249.96522969,1.12567516
002210,飞马国际,2.29,2.232,1.87064,394.828,6.502,60.94223052459999,60.8056337421,1.12507019
002451,摩恩电气,7.49,3.74,3.45045,310.788,4.277,33.006183,32.8922601,1.12345837
002866,传艺科技,15.63,1.296,3.99062,52.1,2.146,45.2523286128,28.3235146878,1.12295099
000801,四川九洲,11.58,1.757,0.95956,65.983,3.778,117.6904070922,117.6491109594,1.12039272
601003,柳钢股份,3.79,1.067,1.16643,14.577,1.063,99.8370051209,97.12986228,1.11929712
001227,兰州银行,2.15,0.467,1.23707,7.536,0.398,122.457489112,90.6762506665,1.11885571
605133,嵘泰股份,25.6,-3.723,1.53684,36.056,1.912,73.030438912,72.22223667200001,1.11876178
002201,九鼎新材,8.45,-0.354,2.2251,60.357,4.647,55.063262364500005,50.870956174999996,1.11771619
600400,红豆股份,3.16,0.637,1.545,-17.556,5.22,72.40735052320001,72.40735052320001,1.11613138
603387,基蛋生物,9.31,0.649,2.3517,21.159,1.669,47.2159924327,47.2159924327,1.11396953
002030,达安基因,5.65,0.713,1.40136,-10.66,1.126,79.294700808,79.294700808,1.11378374
601860,紫金银行,2.56,0.787,1.22299,7.529,0.458,93.7242694912,90.9232118016,1.11224885
605507,国邦医药,15.99,-1.296,0.8722,10.804,1.489,125.09822871,125.09822871,1.10949513
002673,西部证券,6.74,0.0,0.36743,17.154,0.987,301.249806917,301.249806917,1.10734611
001256,炜冈科技,27.89,0.0,3.70087,29.67,3.033,39.7746424262,29.817912426200003,1.10699149
603599,广信股份,10.53,0.573,1.14693,14.625,0.938,95.85136202849999,95.85136202849999,1.10646897
603217,元利科技,24.93,0.403,2.1606,26.806,1.498,51.87623868,51.87623868,1.10423598
603270,金帝股份,27.32,-1.938,5.64733,40.776,2.606,59.8599414244,19.3197934244,1.10420083
600399,抚顺特钢,4.36,1.16,1.28817,-10.634,1.602,85.98356,85.98356,1.10100027
600273,嘉化能源,6.97,1.752,1.20302,9.419,0.898,91.3982458034,91.3982458034,1.10067762
000825,太钢不锈,3.56,0.565,0.54479,395.556,0.621,202.7864215376,202.7864215376,1.09989579
600740,山西焦化,3.61,1.977,1.1911,111.42,0.607,92.49257365940001,92.49257365940001,1.0939181
003029,吉大正元,17.09,-1.725,3.62614,-28.966,3.23,33.0896967943,30.095321321700002,1.09186427
002951,金时科技,15.47,10.028,1.7871,-26.22,4.127,62.6535,62.0539485475,1.09146335
603297,永新光学,102.67,-2.368,0.95584,51.854,5.403,113.68556697,113.68556697,1.09094
600156,华升股份,8.22,-2.143,3.28775,-93.836,8.948,33.053499704400004,33.053499704400004,1.09086312
000686,东北证券,8.08,0.248,0.57602,13.032,0.915,189.10859553199998,189.10859553199998,1.09073406
002416,爱施德,9.67,0.834,0.92603,32.009,2.003,119.83855064020001,118.3515461968,1.08957642
000031,大悦城,2.26,3.196,1.12875,-4.109,0.947,96.8706814614,96.8704862426,1.08718045
002358,森源电气,5.71,2.147,2.05814,63.444,1.583,53.089123386699995,53.0890505842,1.08564753
603613,国联股份,19.62,-0.051,0.77162,10.721,1.508,141.3695189106,141.3695189106,1.08493814
002332,仙琚制药,8.59,0.585,1.27697,19.089,1.398,84.9726979894,84.5748817749,1.08493294
601890,亚星锚链,8.6,1.415,1.32059,25.982,2.119,82.5084,82.5084,1.08357454
600369,西南证券,4.14,0.73,0.39288,25.875,1.034,275.1075177336,275.1075177336,1.0832542
000563,陕国投Ａ,3.02,1.003,0.70331,10.782,0.831,154.44190481159998,154.44190481159998,1.08158329
600538,国发股份,5.36,0.752,3.85752,-31.529,4.13,28.097031452800003,28.097031452800003,1.08150141
603402,陕西旅游,67.78,0.43,6.3411,10.509,2.32,68.1414937852,17.035373785199997,1.07855442
600808,马钢股份,2.6,0.775,0.69889,-96.296,0.832,200.217710836,155.161530836,1.07820917
600771,广誉远,14.25,-0.28,1.5307,109.615,4.104,69.75248759249999,69.75248759249999,1.07729886
601577,长沙银行,9.24,0.326,0.28836,4.788,0.504,371.5915668696,371.51116694999996,1.07556332
002664,信质集团,16.48,-1.021,1.63418,49.939,1.887,67.27136,66.3445393024,1.07449424
601789,宁波建工,4.37,0.924,2.27385,21.183,1.06,66.61592502490001,47.493098382999996,1.07349648
002234,民和股份,7.75,7.044,4.67767,-10.065,1.589,27.044416430000002,23.3591695225,1.07297249
603861,白云电器,12.47,1.63,1.63176,31.175,1.682,67.4038359885,65.9147338066,1.07228759
002705,新宝股份,11.95,-0.912,1.09934,9.647,1.118,97.01915570999999,96.511885858,1.06692592
002955,鸿合科技,34.64,-0.029,1.57682,157.455,2.551,81.9720655168,67.7720695328,1.06685512
002043,兔 宝 宝,12.71,2.666,1.04312,14.779,3.058,105.461794408,102.63621473459999,1.0659843
600328,中盐化工,6.46,2.215,1.12688,128.175,0.8,94.7235958318,94.7235958318,1.06589576
603992,松霖科技,23.35,-1.352,1.02315,48.646,2.822,103.45026496999999,103.45026496999999,1.06145706
603360,百傲化学,13.93,0.433,1.07694,46.433,6.977,98.37695500219999,98.37695500219999,1.05931479
605016,百龙创园,21.69,1.688,1.15487,24.648,4.376,91.10067220799999,91.10067220799999,1.055825
002642,荣联科技,7.47,2.189,2.15286,246.535,4.159,49.4200493811,49.4200493811,1.05558343
600973,宝胜股份,6.3,1.449,1.23524,-210.0,2.552,86.396073624,86.396073624,1.05435984
600222,太龙药业,7.81,-0.128,2.40084,71.982,2.72,43.6862645923,43.6862645923,1.0524905
000061,农 产 品,5.9,1.9,1.0007,28.015,1.355,117.11271068200001,105.864407292,1.05154731
601866,中远海发,2.42,1.255,0.4478,19.934,1.021,317.795772624,234.992350824,1.05007905
000069,华侨城Ａ,1.83,-1.081,0.82419,-0.995,0.431,147.0909723699,126.24441259230001,1.04939459
000813,德展健康,3.48,1.458,1.44759,-21.31,1.586,72.979272792,72.967266792,1.04905954
000795,英洛华,8.77,0.573,1.07815,38.499,3.6,97.8951876178,97.8950396679,1.04639089
001400,江顺科技,76.47,-1.583,2.97864,51.823,5.006,64.2348,35.35322805,1.0456897
000777,中核科技,17.9,0.845,1.52777,40.682,2.794,68.63174914700001,68.630538033,1.0442024
603686,福龙马,13.45,1.433,1.87807,36.351,1.596,55.875389338000005,55.875389338000005,1.04327997
603421,鼎信通讯,5.99,-1.803,2.67142,-6.112,1.623,39.066211608900005,39.066211608900005,1.04272992
600416,湘电股份,9.13,0.884,0.77435,57.063,1.384,134.7389316592,134.7389316592,1.03954924
605068,明新旭腾,20.87,-0.666,3.05638,231.889,2.191,33.8508259065,33.8508259065,1.03654551
002563,森马服饰,6.18,2.829,0.76404,18.727,1.423,166.494771888,136.398334422,1.03540355
000788,北大医药,5.47,1.296,3.17295,39.324,2.19,32.6005121475,32.6005121475,1.03480333
600292,电投水电,12.52,0.321,1.87236,103.045,3.418,596.4759700128001,54.998304591600004,1.03450874
600527,江南高纤,2.2,2.326,2.73021,183.333,1.837,38.098739844,38.098739844,1.03381223
600582,天地科技,4.88,1.667,0.5141,8.257,0.775,201.9631379296,201.9631379296,1.03295929
600557,康缘药业,12.79,0.314,1.41357,23.685,1.478,72.4117112874,72.4117112874,1.03073827
002870,香山股份,41.5,1.84,1.93579,57.639,3.35,54.81138894,53.83902651,1.03073313
605033,美邦股份,19.6,9.989,3.94475,54.444,2.226,26.4992,26.4992,1.0305965
000516,国际医学,4.28,0.706,1.08596,-30.571,2.931,95.8247810284,94.36643985079999,1.02928047
601098,中南传媒,10.49,0.575,0.54381,11.787,1.138,188.4004,188.4004,1.02909391
601136,首创证券,14.64,0.205,0.25581,37.538,2.829,400.16006832,400.16006832,1.02648243
603191,望变电气,14.26,2.59,2.19351,67.905,1.88,47.0529575214,47.0529575214,1.02504094
600903,贵州燃气,6.41,1.585,1.38363,160.25,2.438,74.611454525,74.611454525,1.02335471
603779,威龙股份,7.82,1.558,3.94682,-41.158,5.301,25.968871362799998,25.968871362799998,1.0223477
002605,姚记科技,18.47,0.271,1.64181,16.462,1.981,77.1246723679,62.471534253799994,1.02179022
600496,精工钢构,3.35,2.134,1.54264,10.894,0.713,66.6692075665,66.6692075665,1.02153682
603278,大业股份,9.67,1.363,3.13425,-241.75,1.707,33.0481332064,33.0481332064,1.02111326
603610,麒盛科技,15.24,0.927,1.89493,52.552,1.729,53.795923040400005,53.795923040400005,1.02098531
600728,佳都科技,4.77,0.421,1.00679,58.1,1.288,101.7249847497,101.7249847497,1.02070781
603103,横店影视,15.46,2.181,1.05,61.84,7.671,98.04732,98.04732,1.02042209
002967,广电计量,17.7,2.609,1.05809,23.289,2.301,113.21294390400001,97.301427483,1.02031993
002907,华森制药,13.91,3.037,2.18228,89.224,3.369,58.0876472774,46.712101439899996,1.01963157
002221,东华能源,5.66,1.799,1.23909,-9.69,0.894,89.2088316122,82.6863661892,1.01902809
603226,菲林格尔,49.8,0.83,0.57723,-226.364,20.789,177.03490146000001,177.03490146000001,1.0186822
002622,皓宸医疗,2.62,10.084,4.79476,-18.425,8.229,22.008,22.00735155,1.01781279
600929,雪天盐业,5.38,0.938,1.15155,114.468,1.167,88.2380931728,88.2380931728,1.0169712
000099,中信海直,14.44,1.69,0.91405,36.1,2.005,112.0212077828,112.0212077828,1.01570599
605318,法狮龙,78.05,-2.802,1.03731,-1561.0,15.346,98.131506354,98.131506354,1.01516768
603700,宁水集团,11.79,4.614,4.34458,25.085,1.435,23.575512018599998,23.575512018599998,1.0150367
603887,城地香江,9.37,0.0,1.8052,-84.111,1.619,56.41015674769999,56.41015674769999,1.01487155
002986,宇新股份,12.76,3.824,2.67236,-125.467,1.277,48.5034896192,38.5144575992,1.01461133
002216,三全食品,13.16,2.492,1.2239,21.226,2.373,115.7006207168,82.9741143924,1.01346797
000650,仁和药业,5.47,0.737,1.38797,19.536,1.186,76.5766213998,72.8268051198,1.01345529
600764,中国海防,18.48,1.594,0.77429,108.962,1.601,131.32431053279998,131.32431053279998,1.01336219
002608,江苏国信,7.37,0.959,0.36438,8.035,0.777,278.44447418479996,278.44447418479996,1.01147337
603529,爱玛科技,21.22,1.483,0.56189,8.992,1.855,183.3934442736,179.85235168079998,1.01002578
002597,金禾实业,20.21,-0.198,0.88053,32.079,1.453,114.8574473438,114.64058211990002,1.00885734
002479,富春环保,5.79,3.025,2.03784,24.125,1.171,50.0835,49.9719176676,1.00856761
001230,劲旅环境,20.21,2.174,4.58176,16.04,1.879,37.9496264059,22.2267110338,1.0085192
002445,中南文化,2.99,1.356,1.43787,99.667,3.11,71.0605651769,70.7525485927,1.00761923
001212,中旗新材,34.63,-2.943,1.67427,-192.389,3.624,69.5923177912,60.20381312120001,1.00643925
001222,源飞宠物,15.41,9.993,5.96134,25.053,2.066,29.416149,17.4130973585,1.00129261
603658,安图生物,32.82,1.203,0.53241,17.551,2.047,187.54160885759998,187.54160885759998,1.00030112
002452,长高电气,11.56,0.522,1.68163,20.931,2.585,71.710389026,59.562474592,0.99970019
000554,泰山石油,6.57,1.703,4.26436,20.423,2.635,31.3681311126,23.6063251629,0.99949466
002084,海鸥住工,3.56,2.299,4.38449,-19.285,1.776,22.999595024,22.9456692832,0.9993153
000007,全新好,10.29,6.522,2.88609,1837.5,19.907,35.6495037276,35.6495037276,0.9969384
002380,科远智慧,29.15,0.517,2.41154,50.259,2.875,69.95756568350001,41.452463085000005,0.99482111
603858,步长制药,15.86,-0.564,0.58824,46.429,1.636,167.2545549012,167.2545549012,0.99415359
603183,建研院,4.63,0.871,4.33172,463.0,1.441,23.0181955213,23.0181955213,0.99175025
002928,华夏航空,6.56,0.459,1.18299,13.35,2.107,83.85264568000001,83.85222092000001,0.98925444
002239,奥特佳,2.54,1.195,1.19697,42.333,1.546,89.2427708156,82.9602632384,0.98766436
000959,首钢股份,3.72,0.0,0.35446,28.972,0.574,288.48478616399996,277.1997954288,0.98738054
002346,柘中股份,20.66,0.928,1.22606,20.455,3.153,91.2294809456,81.010643935,0.98716606
002867,周大生,12.95,2.372,0.70836,12.696,2.075,140.5688691435,139.743036118,0.9869298
601952,苏垦农发,8.35,1.335,0.85729,20.875,1.625,115.063,115.063,0.9850969
002791,坚朗五金,16.02,2.495,2.8283,-55.241,1.061,56.692379082600006,34.8762676284,0.98442547
600918,中泰证券,5.59,0.54,0.38557,31.056,0.99,442.6352616764,255.0618651217,0.9834446
001391,国货航,4.31,2.375,1.50842,20.524,1.927,526.2027807974999,65.484158262,0.98277945
603668,天马科技,10.94,3.403,1.80089,-30.389,2.61,55.3341624808,55.3341624808,0.98001828
603681,永冠新材,18.07,-1.687,2.28932,26.97,1.435,42.959948681,42.959948681,0.97888783
000089,深圳机场,6.56,1.079,0.72666,25.615,1.132,134.5304797904,134.5281088752,0.97868006
002701,奥瑞金,4.92,1.653,0.77949,12.615,1.229,125.94021507480001,125.8223929812,0.97821563
600966,博汇纸业,5.1,5.155,1.46215,41.396,0.911,68.179058688,68.179058688,0.9780909
000995,皇台酒业,10.94,2.148,5.04132,136.75,11.742,19.408435200000003,19.408435200000003,0.97717854
603900,莱绅通灵,6.32,5.863,4.59208,37.176,1.086,21.671522688,21.660146687999998,0.9764568
605100,华丰股份,32.51,-1.664,1.25813,250.077,4.313,77.7060522,77.34285048,0.97619644
601011,宝泰隆,2.72,3.422,1.90426,-16.0,0.962,52.1060754608,52.1060754608,0.97594992
600131,国网信通,15.6,0.645,0.5221,28.364,2.881,186.729764364,186.561203244,0.97508373
002843,泰嘉股份,16.31,-1.747,2.3862,-110.651,3.054,41.0583963622,40.8070674172,0.97376475
002533,金杯电工,11.58,0.608,1.30768,14.036,1.905,84.99037497959999,74.8234732314,0.97284946
002984,森麒麟,14.48,2.188,0.94325,13.284,1.109,150.05433892079998,103.3756433672,0.97269757
001326,联域股份,58.32,1.11,6.91584,166.629,3.454,42.69024,14.006906272799998,0.96979229
600635,大众公用,4.73,0.425,0.85001,33.642,1.571,139.65016012750002,114.4088462275,0.96949818
000027,深圳能源,6.36,0.157,0.32031,20.516,0.905,302.5699986576,302.5699986576,0.96937307
000919,金陵药业,6.57,1.86,2.37536,75.779,1.074,40.8604414896,40.850074029599995,0.96787762
603216,梦天家居,21.33,3.293,2.03054,73.552,2.626,47.499777,47.499777,0.96324586
600478,科力远,5.04,1.408,1.13194,59.786,2.912,85.37351336639999,85.37351336639999,0.96245503
002423,中粮资本,9.21,1.098,0.4541,18.735,0.89,212.20812345750002,212.20812345750002,0.96242182
002339,积成电子,7.43,2.909,2.73185,185.75,2.144,37.4540559582,35.5689315897,0.96198357
000750,国海证券,3.81,0.528,0.43612,31.75,1.065,243.31324757369998,220.8353715237,0.96195163
002114,罗平锌电,7.61,5.402,3.98147,-13.836,3.405,24.6103798187,24.6100416303,0.96121715
002204,大连重工,5.42,1.308,0.91942,17.776,1.302,104.68025573439999,104.68025573439999,0.95797679
605598,上海港湾,28.44,1.21,1.40476,105.333,4.034,69.1139804796,69.1139804796,0.95673484
600419,天润乳业,8.91,4.211,3.41318,67.757,1.144,28.112369392799998,28.112369392799998,0.95615071
002397,梦洁股份,3.63,5.523,4.12212,60.5,2.215,27.1444663809,23.5168859574,0.95551552
002839,张家港行,4.36,0.23,0.89513,5.662,0.557,106.5734408664,106.4720744852,0.95487986
002284,亚太股份,9.56,0.844,1.3766,14.485,2.016,70.6579932688,69.99720606880001,0.95388328
600483,福能股份,10.51,-0.285,0.32427,9.915,1.049,292.1934086059,292.1934086059,0.9518996
600851,海欣股份,8.46,1.075,1.52046,58.025,2.246,102.1169961432,62.452236906,0.95130149
603888,新华网,16.72,-0.83,0.76375,34.269,3.261,124.09784389200001,124.09784389200001,0.94944892
603912,佳力图,7.66,-1.289,2.28651,-76.143,2.414,41.542193814,41.542193814,0.94556895
601456,国联民生,8.98,0.223,0.23995,24.944,0.954,510.1172339788,393.05294920660003,0.94388959
600382,广东明珠,6.52,2.194,2.08289,23.088,1.443,45.2754074028,45.2754074028,0.94077012
000536,华映科技,3.31,0.608,1.03419,-8.874,10.899,91.55568577929999,91.45803127960001,0.93966509
601187,厦门银行,7.28,0.414,0.48937,8.089,0.705,192.1285102464,191.7100706976,0.93816261
603232,格尔软件,15.67,0.772,2.59775,-43.528,2.802,36.4398947365,36.2447092165,0.93730386
600461,洪城环境,9.02,1.348,0.80979,9.699,1.132,115.83094444240001,115.83094444240001,0.93491403
600729,重百集团,20.65,2.532,2.36435,8.676,1.119,90.9535604005,39.747707286,0.9343291
002368,太极股份,14.55,0.622,1.03428,-11.885,2.279,90.680152113,90.439009143,0.93269213
600257,大湖股份,5.46,3.409,3.57695,546.0,3.287,26.2755504648,26.2755504648,0.93249998
600101,明星电力,8.28,0.608,2.06211,24.636,1.436,45.363012598800005,45.363012598800005,0.9324906
600130,波导股份,4.35,1.874,2.87241,435.0,3.588,32.625,32.625,0.9242007
600661,昂立教育,9.67,3.533,3.38178,31.194,10.876,27.709271860999998,27.709271860999998,0.9240301
002526,山东矿机,2.76,2.222,1.9073,39.429,1.516,49.2051098736,48.8819304888,0.92358907
001298,好上好,17.42,-0.627,1.30367,67.0,4.472,75.3439435034,70.9724678416,0.92305335
003006,百亚股份,14.57,2.75,1.47529,30.354,3.973,62.599683002999996,62.4430810005,0.92203402
002398,垒知集团,4.16,1.711,3.73014,52.0,0.789,28.6324108096,24.949206921600002,0.92196645
601595,上海电影,17.97,1.182,1.14358,71.88,4.76,80.54154,80.54154,0.91967036
600057,厦门象屿,6.37,2.083,0.69199,21.233,1.147,180.84528983430002,133.2928974468,0.91930658
000883,湖北能源,4.63,0.216,0.30509,15.966,0.868,327.77564726900005,300.0048065202,0.91844067
603271,永杰新材,44.79,1.911,2.20074,19.907,2.916,88.74466650000001,42.3605886084,0.91805106
000927,中国铁物,2.47,1.23,0.61473,25.945,1.517,149.4437349327,149.4436593507,0.91707849
600592,龙溪股份,14.73,1.237,1.56853,35.071,2.276,58.854241008299994,58.854241008299994,0.91654661
603933,睿能科技,19.95,1.63,2.22495,118.468,3.092,41.4051427125,41.4051427125,0.9162911
601298,XD青岛港,8.86,2.074,0.1929,10.938,1.221,575.11146,477.737845,0.91603012
002962,五方光电,13.26,-0.823,3.33816,102.0,2.18,38.674825675200005,27.737799063,0.91600904
600736,苏州高新,6.68,0.451,1.19281,157.176,1.032,76.9063661876,76.9063661876,0.91557562
600770,综艺股份,5.24,0.0,1.35119,62.455,2.002,68.12,68.12,0.91363362
002537,海联金汇,5.86,1.034,1.34112,20.929,1.567,68.797381257,68.60405985700001,0.91196707
000025,特 力Ａ,15.16,1.405,1.53772,45.745,3.513,65.348441312,59.545193311999995,0.91069384
600064,南京高科,7.69,0.654,0.68276,7.268,0.674,133.0631186236,133.0631186236,0.91056767
000029,深深房Ａ,22.32,0.813,0.46086,225.911,6.249,225.802512,199.01851200000002,0.91044675
002032,苏 泊 尔,41.41,0.73,0.27392,15.721,4.88,331.2171213996,331.06636829459995,0.9084778
603323,苏农银行,4.23,0.475,0.96353,4.188,0.441,93.92273307629999,93.92273307629999,0.90754427
600155,华创云信,5.94,0.508,0.69072,74.25,0.657,131.4844231338,131.4844231338,0.90715411
000785,居然智家,2.29,2.691,0.68926,-13.471,0.746,142.59941784059998,132.9226350978,0.90690051
600507,方大特钢,4.35,-0.458,0.89797,10.688,0.98,100.62367321500001,100.62367321500001,0.90624615
000796,凯撒旅业,3.92,1.554,1.74663,196.0,6.921,62.8685255072,52.165867852,0.90607721
603818,曲美家居,3.71,4.213,3.60201,-16.864,1.234,25.4707770205,25.4707770205,0.90450816
603976,正川股份,28.06,-1.647,1.85388,215.846,4.055,48.155036837400004,48.155036837400004,0.9045007
600198,大唐电信,7.22,0.278,0.96923,-164.465,48.916,94.1201756602,94.0007758488,0.90431922
600197,伊力特,10.54,1.934,1.8146,23.038,1.253,49.8726151718,49.8726151718,0.90358743
002749,国光股份,9.07,5.343,1.84151,13.338,2.703,50.4719694036,49.3697467236,0.9026075
600475,华光环能,14.56,-0.342,0.65796,35.756,1.607,139.1886101424,137.2841621424,0.90238729
600425,青松建化,3.64,4.0,1.5615,21.412,0.906,58.41121493479999,58.41121493479999,0.90218046
605377,华旺科技,9.4,4.097,1.73713,19.184,1.318,52.327005192,52.327005192,0.90210566
002578,闽发铝业,3.45,1.77,3.07816,-115.0,2.148,32.3827413135,29.7101083545,0.90121726
603885,吉祥航空,11.04,-0.181,0.37611,23.0,2.314,239.45818158720002,239.45818158720002,0.89966347
002697,红旗连锁,4.73,3.501,1.67607,13.514,1.305,64.328,54.174593825,0.89945285
002921,联诚精密,22.63,-1.95,3.09117,-205.727,2.571,33.7119397401,29.066680319,0.89837375
002686,亿利达,6.33,-0.158,2.72604,117.44,2.222,35.842937118900004,33.0887367114,0.89755344
600480,凌云股份,8.77,1.037,0.84549,12.71,1.299,107.1893369287,106.39633695340001,0.89589213
002296,辉煌科技,9.07,0.778,2.85655,18.896,1.417,35.334944094,31.5105807708,0.89570522
603630,拉芳家化,15.17,1.676,2.63023,-108.357,1.809,34.163534786,34.163534786,0.89565835
603223,恒通股份,10.74,-1.828,1.18078,25.571,1.854,75.8053035282,75.8053035282,0.89554579
600098,广州发展,6.3,0.478,0.40488,9.508,0.795,220.86949380299998,220.86949380299998,0.89458005
000863,三湘印象,4.25,6.25,1.85582,-38.636,1.153,50.1797313,49.436670140000004,0.89440507
600587,新华医疗,12.84,0.391,1.13852,14.759,0.992,77.8931600916,77.8931600916,0.89256025
000567,海德股份,6.31,1.939,0.72792,32.03,2.048,123.33476498050001,122.95286346229999,0.89224108
002846,英联股份,10.93,2.629,3.17872,130.119,3.221,45.9053044148,28.435001724299998,0.89173919
600976,健民集团,29.57,-1.924,1.94917,12.477,1.653,45.35996602,45.330396019999995,0.89146119
002906,华阳集团,26.02,0.658,0.65119,17.463,1.908,136.5839344682,136.5041940966,0.89110403
002912,中新赛克,20.57,1.031,2.68305,50.171,2.149,35.1236864,33.3690110952,0.89057667
600718,东软集团,8.37,1.087,0.88534,-27.0,1.132,100.1419319124,100.1419319124,0.88921979
002985,北摩高科,26.4,1.538,1.0295,44.0,3.177,87.6093504,87.368012424,0.88881376
002567,唐人神,3.73,3.324,1.68092,-4.489,1.286,53.45281695890001,53.4011575033,0.88881264
601096,宏盛华源,4.37,1.392,1.2412,31.507,2.452,116.90427734560001,71.7980748417,0.8873443
605118,力鼎光电,29.46,-1.472,0.73683,46.125,7.49,121.15866899999999,120.4526601,0.88396592
002075,沙钢股份,3.97,0.253,1.01373,33.083,1.316,87.09487016649999,87.094730224,0.88232562
002572,索菲亚,8.32,2.211,1.63524,8.851,1.088,80.1255240448,54.201773184000004,0.88177458
600429,三元股份,4.63,4.751,1.28497,-31.074,1.44,69.5467237095,69.3369088238,0.88117363
603007,顺景科技,4.92,1.235,2.59538,-19.07,18.566,43.5147481692,34.198380226800005,0.88111269
600571,信雅达,10.56,-0.189,1.82118,75.429,4.26,49.2432134304,48.3385798368,0.87883979
603373,安邦护卫,39.53,2.409,3.51909,33.5,3.18,59.5075271155,25.1419302903,0.87866851
002121,科陆电子,5.2,0.971,1.20384,-55.26,24.517,86.973541616,73.406973848,0.87818706
002556,辉隆股份,5.09,4.09,1.86279,24.238,1.301,47.5884893668,47.542687052699996,0.8777378
600671,天目药业,21.56,0.139,3.29135,148.998,35.566,26.255527606,26.253726914799998,0.87760381
601886,江河集团,9.1,10.036,0.87374,16.852,1.392,103.10318746,103.10318746,0.87662969
000090,天健集团,3.51,4.154,1.34194,50.504,0.583,65.5859447334,65.58194333339999,0.8763567
000922,佳电股份,11.94,0.845,1.04907,32.27,2.123,99.5774727696,84.1685468382,0.87534802
000505,京粮控股,5.79,0.173,2.38925,-15.649,1.466,42.0904195329,36.6148214544,0.87521835
603032,德新科技,19.3,-0.567,1.94693,107.222,3.849,45.0128882,44.9461488,0.87133611
600866,星湖科技,4.47,0.903,1.17182,7.587,0.909,74.2678259352,74.2678259352,0.87102108
600517,国网英大,5.06,0.797,0.30225,11.422,1.207,289.3528486464,289.3528486464,0.87088036
000953,中哲精化,6.08,6.294,3.9822,304.0,14.421,22.260229456,22.260229456,0.86999796
002349,精华制药,6.9,0.437,1.54451,25.765,2.03,57.347853252,56.178482652,0.86877296
600933,爱柯迪,13.8,1.099,0.64244,11.695,1.445,142.14266243400002,135.379800348,0.86618991
600094,大名城,4.43,-0.673,0.91511,73.833,1.002,102.9952869935,94.191986785,0.86610751
600649,城投控股,3.73,2.755,0.93721,31.083,0.441,92.9441686464,92.9441686464,0.86383584
002442,龙星科技,5.14,4.26,3.44167,63.851,1.408,25.8734074604,25.2636534238,0.86352362
603239,浙江仙通,14.81,3.639,2.15278,18.061,2.914,40.093632,40.093632,0.86323123
603527,众源新材,10.43,4.196,2.65958,52.15,1.558,33.06009616,33.06009616,0.86297891
600470,六国化工,5.77,2.305,2.87792,-6.632,1.975,30.096320000000002,30.096320000000002,0.86177134
603339,四方科技,14.28,-0.07,1.95477,28.56,1.584,44.18819979,44.18819979,0.86118209
603727,博迈科,19.19,5.093,1.6148,87.227,1.751,54.0619292563,54.0619292563,0.85929614
002646,天佑德酒,7.21,6.029,2.5532,801.111,1.198,34.5436849254,34.3082441779,0.85919558
002956,西麦食品,18.13,1.285,1.52196,23.244,3.299,56.664524350700006,56.658201875799996,0.85859348
001218,丽臣实业,26.08,6.536,2.80078,20.7,1.446,35.014554208,31.227816448,0.85846919
002972,科安达,13.6,-1.521,4.63549,38.267,2.647,33.4571968,18.31189884,0.8584011
603112,华翔股份,15.48,2.926,1.04139,14.073,1.849,83.5860248748,82.7570925468,0.85824677
600810,神马股份,6.54,2.508,1.22157,-29.727,1.0,71.3238671232,70.68124672319999,0.85807933
002096,易普力,9.64,1.048,0.72375,15.063,1.472,119.578490228,119.5782869204,0.85768141
002864,盘龙药业,22.02,0.136,3.92897,23.935,1.762,30.1015443456,21.7109992854,0.85735541
603090,宏盛股份,39.71,-0.799,2.1652,48.427,6.093,39.71,39.71,0.8551929
000581,威孚高科,17.5,0.806,0.61473,15.909,0.835,169.187496275,138.933427325,0.85261801
000798,中水渔业,8.42,4.337,2.78556,36.785,7.605,30.8053035504,30.803409050400003,0.85188087
600749,西藏旅游,14.6,0.275,2.57266,139.847,3.186,33.136965482,33.136965482,0.85112399
603878,武进不锈,5.1,3.239,2.98405,36.429,1.105,28.618649286,28.618649286,0.85076544
600908,无锡银行,5.43,0.742,0.78361,5.376,0.515,119.1712160385,108.56267770950001,0.84992574
002978,安宁股份,27.5,2.383,0.84376,17.994,1.479,129.79723844999998,101.55187844999999,0.84959991
603666,亿嘉和,25.91,0.426,1.61112,-126.514,2.514,53.252931822,53.252931822,0.84870677
002377,国创高新,2.7,3.846,3.62798,125.0,6.224,24.740780427,23.555412117,0.84834626
603042,华脉科技,13.1,0.0,3.13032,-33.427,3.279,27.348449751999997,27.348449751999997,0.84817732
000546,金圆股份,4.86,3.185,2.52781,-15.188,0.984,37.793705533200004,33.8598730116,0.84730828
000059,华锦股份,4.68,1.961,1.13709,-4.255,0.768,74.85391073160001,74.8525277916,0.84722754
601528,瑞丰银行,4.95,1.227,0.92383,4.95,0.481,97.12698905250001,91.860658857,0.84670481
600963,岳阳林纸,3.38,2.115,1.43905,-26.0,0.781,59.4057934652,59.4057934652,0.84659629
600293,三峡新材,2.86,3.249,2.58938,-95.333,1.946,33.1801483156,33.1801483156,0.846132
000890,法尔胜,7.55,2.442,2.71713,-47.188,162.017,31.672549584,31.671573972999997,0.84529011
000790,华神科技,4.03,3.599,3.40521,-7.902,3.499,25.1358903692,25.0913689442,0.84522007
000728,国元证券,7.21,0.0,0.2678,12.875,0.809,314.62838594109996,314.62838594109996,0.84496004
600189,泉阳泉,7.55,2.165,1.56717,377.5,4.367,53.997434806,53.997434806,0.84425486
603867,新化股份,28.96,-0.344,1.34976,20.986,2.007,62.9841607728,62.4628807728,0.84265381
603458,勘设股份,9.43,0.426,2.92996,-7.484,1.12,28.8675416702,28.8675416702,0.84163676
600855,航天长峰,12.93,0.937,1.40691,-35.309,4.333,60.5825747304,60.4658168304,0.84049649
002480,新筑股份,5.76,3.971,1.91257,-26.301,5.493,44.304115392,44.2154776896,0.84023153
600269,赣粤高速,3.94,1.026,0.91335,7.164,0.466,92.0150363516,92.0150363516,0.84019116
002004,华邦健康,4.48,1.129,0.99485,12.393,0.853,88.7003797568,84.3728448192,0.83824381
600252,中恒集团,2.24,0.448,1.16835,-19.58,1.355,71.32525276800001,71.32525276800001,0.83803096
600864,哈投股份,5.42,0.557,0.7404,31.882,0.874,112.766922184,112.766922184,0.8347273
002293,罗莱生活,11.44,2.143,0.88129,18.286,2.206,95.7769591064,94.97942602719999,0.83287594
601966,玲珑轮胎,11.34,1.34,0.50228,12.064,0.727,165.9612042522,165.9612042522,0.8323441
001266,宏英智能,34.49,-0.289,4.16328,229.933,3.624,35.7494582238,20.0551234503,0.83038934
603043,广州酒家,13.86,2.363,1.06056,16.154,1.97,78.623257482,77.955898482,0.82902329
000800,一汽解放,6.22,0.81,0.2706,42.255,1.156,306.103676645,306.0761349826,0.82898218
600782,新钢股份,2.8,0.719,0.93885,280.0,0.351,89.152620172,88.078260172,0.82690466
600272,开开实业,14.27,10.023,3.61995,285.4,4.717,37.480432551499995,22.832,0.82650656
000816,智慧农业,2.75,3.774,2.10376,-58.14,2.041,39.792866245,39.58649948,0.82315714
002926,华西证券,8.36,1.211,0.37611,14.929,0.87,219.45,219.45,0.82253524
600820,隧道股份,5.43,0.37,0.48071,8.227,0.531,170.7244179042,170.7244179042,0.82170923
600583,海油工程,5.57,0.18,0.33265,11.851,0.849,246.26946236,246.26946236,0.82108262
603977,国泰集团,12.15,0.998,1.09813,29.634,2.182,75.48088210200001,75.48088210200001,0.82043958
002166,莱茵生物,6.84,1.034,1.63054,35.167,1.591,50.72608467,50.51924307,0.81926758
600163,中闽能源,5.32,1.333,0.81337,19.704,1.381,101.2393948076,101.2393948076,0.81874575
600012,皖通高速,15.92,-1.241,0.44028,14.277,2.036,272.0078287288,185.56351999999998,0.81868666
600803,新奥股份,17.54,1.387,0.15191,11.539,2.244,542.8954677678,538.7808644078001,0.81835018
000523,红棉股份,2.97,3.125,2.09771,68.119,2.782,54.5134132917,39.3572565738,0.81808843
002054,德美化工,7.38,3.652,2.92909,29.639,1.36,35.5801203576,28.3401098064,0.81680007
601116,三江购物,10.71,2.195,1.39958,31.297,1.752,58.65635664,58.65635664,0.81661362
000697,炼石航空,9.0,4.53,1.41429,-17.633,3.728,125.647947,58.77966132,0.81649728
002772,众兴菌业,10.94,2.243,2.02205,12.247,1.128,40.9968331102,40.6570469938,0.81640439
600420,国药现代,8.73,0.345,0.69192,12.434,0.841,117.0843760116,117.0843760116,0.81579502
002003,伟星股份,10.35,1.371,0.76981,18.818,2.633,123.0500790855,105.787439838,0.81478729
603010,万盛股份,11.18,2.569,1.30112,-6.655,2.525,65.4063867574,63.8130131574,0.81451532
603809,豪能股份,9.55,1.812,0.92915,29.695,2.33,87.8875810685,87.8875810685,0.8143974
603383,顶点软件,29.96,0.571,1.32323,34.437,3.973,61.5307571564,61.5307571564,0.8142644
600979,广安爱众,4.06,1.754,1.62856,-14.019,1.233,51.189520009599995,50.4124701136,0.81419419
603197,保隆科技,30.54,2.14,1.26494,30.54,2.036,65.3634264858,64.4858595858,0.81280998
002215,诺 普 信,9.21,0.766,1.09221,13.936,1.895,92.492236401,74.4225078054,0.81277484
600022,山东钢铁,1.35,0.0,0.56247,135.0,0.768,144.434468979,144.434468979,0.81230404
603871,嘉友国际,12.69,2.174,0.46981,15.107,2.76,173.6002987002,173.6002987002,0.81176079
600719,大连热电,7.8,1.961,2.6068,-33.333,7.827,31.558768800000003,31.558768800000003,0.81061618
002998,优彩资源,8.06,1.384,3.74528,50.375,1.635,28.598384237799998,21.801907881,0.80944028
603389,亚振家居,44.5,-1.874,0.69073,-196.816,58.315,116.92464,116.92464,0.80863764
000930,中粮科技,4.81,2.123,0.91137,232.367,0.858,89.29487924760001,89.290342648,0.80823633
601222,林洋能源,5.68,1.429,0.69915,47.333,0.765,115.94130486079999,115.94130486079999,0.80592015
603131,上海沪工,15.97,1.012,1.52106,-266.167,3.259,53.804083034,53.804083034,0.80590773
601928,凤凰传媒,9.25,0.543,0.3418,13.028,1.156,235.40325,235.40325,0.80576695
002524,光正眼科,4.05,5.469,3.97547,-101.25,22.676,20.870928747,20.625782247,0.8051043
603072,天和磁材,33.35,1.708,1.93092,54.672,3.953,88.13738000000001,42.097705,0.80479571
600305,恒顺醋业,6.95,2.056,1.05273,53.462,2.237,76.774541926,76.655713606,0.80381288
603001,奥康国际,7.33,2.805,2.74749,-12.194,1.245,29.391834000000003,29.391834000000003,0.80297521
600422,昆药集团,8.84,0.227,1.18898,19.217,1.282,66.9166569188,66.9166569188,0.80202748
600210,紫江企业,6.18,0.98,0.85515,9.035,1.356,93.7342945644,93.7342945644,0.79994538
002613,北玻股份,3.41,2.096,3.06949,119.649,1.7,37.5293923972,26.3822123356,0.79847634
002011,盾安环境,10.41,0.58,0.72157,10.206,1.639,111.85309098990001,110.50376375820001,0.79526475
002992,宝明科技,35.72,-4.747,1.40903,510.286,8.777,64.60627642200001,55.8071784344,0.79435551
002810,山东赫达,20.5,1.285,1.20486,50.0,3.204,71.326657165,66.20705953000001,0.79384466
002108,沧州明珠,4.4,1.852,1.10466,47.568,1.439,72.538321064,72.51192106399999,0.79366458
002148,北纬科技,6.53,1.872,2.72432,-653.0,2.991,36.486461849,29.444789398300003,0.79332665
600059,古越龙山,7.99,1.139,1.08293,31.96,1.233,72.8322387987,72.8322387987,0.79103245
001300,三柏硕,11.57,9.981,2.92756,-40.398,2.93,28.204873249800002,28.204873249800002,0.79047048
603058,永吉股份,10.2,0.99,1.89194,52.014,3.761,42.298743732000005,42.295683732,0.79044809
603004,鼎龙科技,21.17,1.147,6.4399,33.603,2.399,49.859584000000005,12.464896000000001,0.79033984
002233,塔牌集团,7.32,-1.215,0.91523,13.556,0.705,85.9478171856,85.9092334656,0.79028301
002748,世龙实业,12.0,9.991,2.83349,50.0,2.015,28.8,28.8,0.78940669
601038,一拖股份,13.42,1.667,0.80906,18.572,1.834,150.793195905,98.194847905,0.7882116
003033,征和工业,62.76,-3.446,1.54712,29.327,3.589,51.3063,50.6747097192,0.78677862
002570,贝因美,4.52,1.573,1.61552,30.133,2.997,48.8179586516,48.8157890516,0.7850153
600055,万东医疗,11.59,0.695,0.95775,-35.772,1.834,81.4847766222,81.4847766222,0.78429364
603637,镇海股份,13.72,4.018,2.45117,49.0,3.137,32.747702324399995,32.747702324399995,0.78420172
000573,粤宏远Ａ,3.74,3.889,3.37565,34.0,1.456,23.8716945896,23.6728842306,0.78282809
601083,锦江航运,11.42,2.883,3.5471,9.845,1.526,147.78850400000002,22.168504000000002,0.78143343
600997,开滦股份,5.5,1.664,0.89359,-275.0,0.645,87.328991805,87.328991805,0.77955865
603559,中通国脉,9.02,1.577,2.17451,-22.0,4.624,36.1951835058,36.1951835058,0.77936727
600185,珠免集团,4.78,1.702,0.86794,-8.691,104.367,90.103277001,90.103277001,0.77831694
002632,道明光学,8.41,0.719,1.62956,24.029,2.359,52.528783469000004,48.309206500100004,0.77818493
001311,多利科技,17.44,3.256,2.54341,23.253,1.498,70.3986761696,30.891570361600003,0.77781901
600969,郴电国际,8.53,2.895,2.48176,41.348,0.867,31.565306285200002,31.565306285200002,0.77698162
600757,长江传媒,7.78,0.387,0.82126,9.262,0.913,94.4219912394,94.4100746134,0.77666302
603917,合力科技,12.63,7.307,3.09395,89.638,1.534,25.744992,25.744992,0.77645409
605098,行动教育,57.85,1.189,1.12187,21.586,6.732,68.98676135,68.98676135,0.77640876
600751,海航科技,3.22,2.548,0.9463,90.704,1.235,93.3586766126,82.8566874744,0.77534169
603998,方盛制药,9.71,-0.103,1.81037,13.871,2.459,42.634800056,42.634800056,0.77468141
600271,航天信息,7.03,1.297,0.59707,-17.575,1.003,130.2577900514,130.2577900514,0.77408942
600785,新华百货,8.96,2.87,2.77079,27.152,1.226,28.3031877632,28.3031877632,0.77303654
603229,奥翔药业,8.14,0.743,1.14188,50.875,2.855,67.586187603,67.586187603,0.77291565
603139,康惠股份,35.6,-1.084,2.15509,-10.659,6.515,35.55728,35.55728,0.77238712
600713,南京医药,5.19,0.193,1.14584,10.813,0.924,67.8937132608,66.9413316528,0.7710954
600037,歌华有线,7.03,1.006,0.79123,284.615,0.766,97.84198524520001,97.84198524520001,0.77086306
600373,中文传媒,7.3,1.389,0.78562,36.121,0.55,98.357186487,98.357186487,0.77057758
603125,常青科技,23.44,-0.382,0.81162,60.103,3.751,94.8936463,94.8936463,0.76850793
002761,浙江建投,7.27,1.964,0.97845,55.923,1.111,96.3181869846,78.6460682243,0.76837626
603819,神力股份,14.28,0.351,2.47845,158.667,3.828,31.091870703599998,31.091870703599998,0.7677093
600630,龙头股份,6.8,2.564,2.68287,61.818,3.551,28.890588595999997,28.890588595999997,0.76722363
600980,北矿科技,19.68,3.852,2.09195,29.904,2.516,38.0342619168,37.2470619168,0.76591332
601019,山东出版,7.07,1.289,0.51906,12.625,0.939,147.54383,147.54383,0.76513165
002091,江苏国泰,7.81,2.493,0.61656,9.886,0.794,127.1255360254,125.1452587451,0.7649897
603261,立航科技,48.88,-0.468,2.04593,-18.307,7.579,37.884454753600004,37.884454753600004,0.76487485
600477,杭萧钢构,2.45,2.083,1.32794,50.0,1.158,57.794726682000004,57.794726682000004,0.76289756
002587,奥拓电子,5.66,1.071,2.54539,283.0,2.766,37.0449352296,30.151539782200004,0.76210221
603368,柳药集团,15.8,1.088,1.21163,8.827,0.799,62.75939409000001,62.75939409000001,0.76191142
002500,山西证券,5.4,1.124,0.39349,20.769,1.034,193.847663538,193.847663538,0.75980403
001313,粤海饲料,7.41,1.646,1.47576,247.0,2.024,51.87,51.8072558991,0.75913214
002976,瑞玛精密,22.16,-1.99,2.82455,369.333,2.996,43.125773888800005,26.975245676799997,0.75876741
002927,泰永长征,15.88,1.276,2.16827,-794.0,3.52,35.442918184,35.048853284399996,0.75605233
603386,骏亚科技,13.11,-1.503,1.76995,-655.5,3.268,42.780887616,42.780887616,0.7553464
600501,航天晨光,14.98,1.285,1.18963,-29.96,4.384,64.08806516,64.08806516,0.75487142
002690,美亚光电,15.45,0.717,1.12882,18.955,4.505,136.30436505,67.0139138175,0.75420282
600621,华鑫股份,13.25,0.303,0.53518,22.083,1.503,140.56915619,140.56915619,0.75343174
601311,骆驼股份,7.93,0.762,0.80666,11.169,0.909,93.0304871574,93.0304871574,0.74963042
605028,世茂能源,25.81,-0.959,1.78106,23.898,3.004,41.296,41.296,0.74875901
002021,中捷资源,2.72,0.741,2.30039,-877.419,5.306,32.5169831856,32.515910635199994,0.746645
600681,百川能源,3.48,1.754,1.60577,19.672,1.268,46.661747388,46.6253452656,0.74526377
603309,维力医疗,11.78,1.639,2.1645,45.308,1.933,34.3824530404,34.3824530404,0.74370205
001236,弘业期货,7.7,2.53,1.28442,1925.0,4.143,77.598888906,58.371988906,0.7433611
603092,德力佳,50.25,1.29,4.32556,22.067,3.504,201.00005025,17.372256135,0.7430336
600928,西安银行,3.57,1.133,0.4694,5.95,0.442,158.6666666865,157.9137401562,0.74280579
603726,朗迪集团,23.93,-0.747,1.68275,24.927,2.968,44.40434049,44.17820199,0.74190188
603903,中持股份,12.6,1.368,2.31679,-30.732,2.251,32.17025448,32.17025448,0.74057393
600508,上海能源,8.71,1.752,0.84196,28.097,0.691,88.12823292,88.12823292,0.74013532
600881,亚泰集团,1.7,-1.734,1.34693,-2.698,12.782,54.946566796,54.946566796,0.73990474
600033,福建高速,3.58,1.13,0.75114,10.362,0.78,98.24951999999999,98.24951999999999,0.73944502
603025,大豪科技,13.55,0.969,0.49348,21.172,5.103,151.3067217415,150.2931817415,0.73911047
600505,西昌电力,11.39,0.707,1.78547,348.318,3.389,41.52423825,41.52423825,0.73842718
000012,南 玻Ａ,3.88,0.779,0.97656,97.0,0.906,118.0477898668,76.0214840024,0.73821232
002780,三夫户外,13.6,3.976,4.20185,40.0,2.74,22.489192968,17.768639223999998,0.73770056
002553,南方精工,15.97,0.44,1.81515,16.102,3.591,56.4395193483,40.9166793483,0.73746379
002320,海峡股份,6.8,1.19,0.48612,87.742,3.69,152.034263116,152.034263116,0.73681862
600179,安通控股,4.26,0.472,0.44869,16.602,1.489,180.2630493054,164.533063887,0.7367347
002523,天桥起重,3.37,2.744,1.55827,40.119,1.932,47.74079496,47.5689884171,0.73651215
603212,赛伍技术,11.51,0.524,1.47794,-18.869,2.106,50.3551722036,50.3551722036,0.73562794
000088,盐 田 港,4.44,0.0,0.52095,15.857,1.254,230.8570605624,140.432125524,0.73510615
000937,冀中能源,4.75,1.496,0.41019,27.393,0.956,184.6278229125,179.39484053750002,0.73454574
002225,濮耐股份,3.84,2.128,2.04186,48.0,1.078,44.5147832448,36.427088332800004,0.73419518
000920,沃顿科技,11.64,0.345,1.34294,24.766,2.735,55.0130981352,55.0104791352,0.73322019
600234,科新发展,21.14,2.472,1.32199,-302.0,12.327,55.4969336922,55.4969336922,0.7331252
002162,悦心健康,4.13,3.25,1.94814,565.753,4.586,37.9836498545,37.9266829473,0.73276121
603790,雅运股份,22.31,3.048,1.74404,58.711,3.272,42.692415999999994,42.692415999999994,0.73127039
000757,浩物股份,4.29,5.147,3.24187,47.667,1.423,22.8535204755,22.8535204755,0.73080586
002307,北新路桥,3.08,1.65,1.46491,-38.5,1.177,50.7823949248,50.1769895396,0.72986765
000957,中通客车,10.3,0.98,1.19859,15.932,1.892,61.069105408000006,61.069105408000006,0.72983808
600610,中毅达,7.17,1.991,1.44612,151.586,55.239,76.8103891785,50.815704748499996,0.72929809
600987,航民股份,6.82,2.249,1.05485,9.472,1.018,69.61984713860001,69.61984713860001,0.72924928
002953,日丰股份,9.91,-0.701,2.632,29.147,2.183,48.7155431168,27.8757169088,0.72920172
002255,海陆重工,8.59,0.585,1.33792,17.112,1.545,71.3726826245,54.8018156737,0.7284865
600675,中华企业,2.27,2.715,0.53564,113.5,0.956,137.2472720137,137.2472720137,0.72786115
002510,天汽模,5.72,1.779,1.27566,95.333,2.29,58.06593409759999,57.4772453112,0.72647692
600303,曙光股份,2.9,3.943,3.74756,-5.577,2.104,19.824522119,19.647854118999998,0.72644578
600368,五洲交通,4.0,1.781,1.13653,11.571,0.869,64.38615431999999,64.38615431999999,0.72616307
600975,新五丰,5.04,2.231,1.15229,-7.2,3.525,62.982951696,62.982951696,0.72449582
003030,祖名股份,22.76,0.53,3.94756,113.8,2.826,28.399928000000003,18.42625133,0.72314725
002919,名臣健康,17.91,2.401,1.53329,168.644,5.838,47.6649694206,47.319686829,0.72078562
000403,派林生物,10.69,0.849,0.71572,24.295,1.253,101.5974805634,100.55910666509999,0.71995278
002845,同兴达,12.95,-0.385,2.23898,99.615,1.735,42.4179457975,32.4053484545,0.71974789
601880,辽港股份,1.47,0.685,0.2649,26.825,0.851,346.5049780311,270.6718528458,0.71670773
600280,中央商场,2.97,3.125,2.15767,-8.486,12.606,33.5115432036,33.5115432036,0.71531612
600597,光明乳业,6.88,2.381,0.75531,-62.545,1.032,94.83899489439999,94.8377289744,0.71508953
002161,远 望 谷,5.88,-0.676,1.6469,282.692,2.86,43.497735119999994,43.48902978,0.71478183
600682,南京新百,5.69,0.887,1.07388,-9.032,0.466,76.5380233749,66.2350296475,0.71464936
002172,澳洋健康,3.4,3.343,2.77086,68.0,14.37,26.03490024,26.01478482,0.714121
002382,蓝帆医疗,6.07,1.505,1.18274,-7.987,0.886,61.1607570682,60.5659881789,0.71308232
001360,南矿集团,16.03,3.754,3.63025,66.792,2.285,32.7012,20.115141946199998,0.71290785
002511,中顺洁柔,7.37,1.376,0.76479,29.48,1.698,94.4199157781,93.2307898621,0.7120472
601616,广电电气,3.72,1.362,2.24967,-91.626,1.332,31.756721866800003,31.756721866800003,0.71191119
000626,远大控股,7.91,3.534,1.82485,-30.423,1.825,40.0741849424,39.8435813111,0.71124017
605088,冠盛股份,21.53,1.749,1.65315,13.801,1.476,43.6469192109,43.3170451629,0.71099793
002564,天沃科技,4.56,3.636,1.83432,91.2,20.624,39.1660441512,39.1660441512,0.71013221
603097,江苏华辰,21.27,0.949,1.49329,48.84,4.534,48.9073591236,47.7887485536,0.70930596
002006,精工科技,13.94,0.868,0.98632,38.498,2.898,72.459205536,72.459205536,0.70797903
603506,南都物业,10.97,7.444,3.50175,20.315,1.663,20.5992223563,20.5992223563,0.70794427
605188,国光连锁,13.06,2.191,1.07453,415.924,5.417,66.3116929,66.3116929,0.70647835
601908,京运通,3.11,-0.321,0.94645,-5.098,1.014,75.0941489771,75.0941489771,0.70628829
002917,金奥博,10.83,2.17,2.51938,21.227,2.153,37.6466175351,28.216994367299996,0.70617903
000915,华特达因,26.12,1.162,1.15477,11.456,2.06,61.207383881999995,61.168452022,0.70573813
000736,中交发展,4.51,3.44,2.10513,-1.969,2.781,33.6941378851,33.6941378851,0.70528284
600300,维维股份,3.2,2.236,1.37332,15.238,1.396,51.74854976,51.74854976,0.70521242
002058,威尔泰,17.3,1.466,2.8679,12.27,39.176,24.816561436,24.757689363,0.70394294
002530,金财互联,7.29,0.691,1.40054,91.125,4.213,56.8035469575,50.674491048600004,0.70343916
603395,红四方,22.59,1.711,4.78205,112.95,4.117,58.734,14.6835,0.70248839
000153,丰原药业,5.76,2.674,2.65864,26.928,1.226,26.765886067199997,26.4308254272,0.70003105
003004,声迅股份,66.56,1.618,1.52643,-468.732,8.633,54.488574566400004,45.7552203264,0.69909553
000028,国药一致,20.41,0.443,0.6456,10.005,0.661,124.95442529440001,107.3276453535,0.69793753
601990,南京证券,6.76,0.297,0.24373,23.31,1.26,297.414838942,286.06459648000003,0.69789787
002392,北京利尔,7.58,1.067,0.80093,22.294,1.515,90.23920559620001,87.7420300818,0.69716029
600968,海油发展,3.88,0.258,0.17617,10.154,1.308,394.4060429212,394.4060429212,0.69674681
603040,新坐标,56.12,-0.725,0.64051,28.201,7.122,110.75701328640001,110.1778335608,0.69629442
600075,新疆天业,4.64,2.203,0.88246,-154.667,0.897,79.24179671520001,79.24179671520001,0.69436422
603014,威高血净,33.97,-0.643,2.00755,27.844,1.956,141.9110562202,34.4744144154,0.69420098
600710,苏美达,10.64,0.758,0.49793,10.231,1.623,139.0381397776,139.0381397776,0.69384542
002623,亚玛顿,16.34,4.209,2.24608,-30.259,1.153,31.5464146242,31.476744949199997,0.693842
002982,湘佳股份,12.36,4.48,4.36158,72.706,1.546,25.114788905999998,16.079278252800002,0.69254887
603889,新澳股份,5.73,3.43,1.29688,8.682,1.427,54.3894279348,53.9844704988,0.69240186
603717,天域生物,6.4,6.489,3.82639,-17.372,4.855,18.56935936,18.56935936,0.69195539
002614,奥佳华,5.01,5.031,3.15601,250.5,0.724,31.2493341204,22.1074196361,0.6895311
601992,金隅集团,1.42,1.429,0.58491,-15.778,0.39,151.62435010279998,118.3450473488,0.68925545
603151,邦基科技,14.12,9.969,2.94709,21.594,1.748,24.18499016,24.18499016,0.68899756
002285,世联行,2.19,3.302,1.60535,-6.636,1.993,43.6429559322,43.2577220769,0.68861094
000036,华联控股,4.28,1.422,1.1569,85.6,1.168,60.08344142999999,60.0475966868,0.68829941
600375,汉马科技,4.01,1.263,1.17556,133.667,1.893,64.2831618167,58.653698976,0.68765596
603880,南卫股份,7.72,3.209,3.12396,-22.057,12.966,22.314042399999998,22.314042399999998,0.6873166
002566,益盛药业,6.76,2.892,4.40579,77.169,0.995,22.37232816,15.6690356368,0.68699887
002562,兄弟科技,4.63,1.535,1.83177,51.444,1.438,52.91265475709999,37.665943404800004,0.68608997
000905,厦门港务,8.77,2.693,1.0633,31.626,1.475,135.26040397010001,65.0565262569,0.68530908
002390,信邦制药,3.06,0.658,1.15838,48.265,0.87,59.48186716079999,58.9903941654,0.68485681
605136,丽人丽妆,8.49,3.159,2.0313,-42.45,1.408,33.99892665,33.99892665,0.68257609
600017,日照港,2.72,1.493,0.81697,17.0,0.595,83.6577857536,83.6577857536,0.68210655
603227,雪峰科技,7.85,1.816,0.81442,16.702,1.61,84.1278760865,84.1278760865,0.68174887
002861,瀛通通讯,16.34,0.616,2.78384,-43.0,2.947,30.4387993908,24.53747571,0.6815219
603616,韩建河山,5.48,3.396,3.26384,-207.576,9.971,21.219546400000002,21.059256400000002,0.6813083
002278,神开股份,8.05,2.157,2.3826,51.935,2.214,31.283742077000003,28.883489516,0.68073707
003019,宸展光电,23.87,-0.748,1.65404,21.124,2.451,42.2385280933,41.2779455858,0.68044456
002961,瑞达期货,19.75,0.356,0.72391,16.057,2.293,94.19435301749999,94.1939086425,0.67992091
002737,葵花药业,13.48,0.823,0.86123,-30.636,1.994,78.7232,78.72315956,0.67953572
000888,峨眉山Ａ,9.83,1.971,1.31564,23.539,1.901,51.795557926600004,51.795557926600004,0.67883574
000691,亚太实业,10.05,2.238,2.10394,-90.704,10.715,48.7329525,32.488634999999995,0.67873008
002386,天原股份,5.96,0.676,0.87518,88.427,1.014,77.57816555080001,77.5637104052,0.67857583
002099,海翔药业,5.44,1.493,0.76962,-90.667,1.782,88.0581097632,87.95627296319999,0.67760191
605186,健麾信息,26.37,1.228,1.8975,114.652,3.242,35.8632,35.8632,0.67672981
002876,三利谱,27.57,-1.36,1.64456,102.111,1.982,47.9400757524,41.063204082599995,0.67589368
603777,来伊份,14.34,-1.443,1.39625,-29.875,3.077,47.9564254044,47.9564254044,0.67585006
600992,贵绳股份,10.45,2.956,2.66881,85.516,1.792,25.611905,25.611905,0.67414492
002616,长青集团,4.83,2.985,2.39994,14.811,1.115,41.5001505744,28.3752969444,0.67291432
600792,云煤能源,3.7,2.778,1.65464,-8.409,1.683,41.0671732,41.0671732,0.67220443
000509,华塑控股,3.28,1.863,1.94051,-328.0,29.104,35.1986001056,35.1984937024,0.67192969
002908,德生科技,7.23,0.978,2.91276,345.933,2.842,31.1925399624,23.2686438936,0.67185494
001393,维通利,45.02,-0.089,3.10923,27.963,4.462,112.2498669668,21.627689486199998,0.67183372
000928,中钢国际,5.15,1.578,0.91533,15.228,0.86,73.8841979815,73.8832941565,0.67073911
000558,天府文旅,3.5,2.041,1.49389,-217.391,4.295,45.122838215,45.10396128,0.67064354
000525,红太阳,4.6,2.222,1.31782,-15.862,2.414,59.935177486,51.140960230000005,0.6700304
603353,和顺石油,29.75,-0.965,1.32932,-247.917,3.155,50.699355,50.699355,0.66980651
002863,今飞凯达,4.58,3.386,2.47249,45.8,0.972,27.4563467732,27.4563467732,0.66929905
002521,齐峰新材,7.11,3.796,2.24915,25.393,0.999,39.820340655,29.803242249000004,0.66921358
603776,永安行,21.76,1.682,1.09936,-24.449,1.785,61.093500467199995,61.093500467199995,0.66910157
601089,福元医药,17.95,1.184,0.77602,17.95,2.224,86.16,86.16,0.66883934
002093,国脉科技,6.96,0.288,0.95583,39.167,1.825,70.122,70.122,0.66876674
002878,元隆雅图,12.66,2.76,2.26803,-115.091,2.654,33.1681526382,29.8647271854,0.66862421
000716,黑芝麻,4.81,2.34,1.8949,-74.458,1.432,36.213722804999996,35.3883309897,0.66521467
002062,宏润建设,7.91,-2.225,0.74254,34.391,1.97,97.86812731990001,88.963845936,0.66484633
002434,万里扬,5.81,0.519,0.87898,32.278,1.288,76.26205999999999,76.18770943,0.66480215
002723,小崧股份,7.14,1.277,2.95624,-9.177,3.234,23.7297811464,22.637358076199998,0.66425309
603169,兰石重装,6.93,1.762,0.73741,-15.187,3.404,90.5260216014,90.5260216014,0.6637507
002073,软控股份,5.7,1.423,1.14597,14.423,0.916,58.389851121,57.798618620999996,0.66044099
603322,超讯科技,26.87,-1.467,1.55819,-116.826,16.094,42.3435720852,42.3435720852,0.65823396
603721,中广天择,17.85,1.42,2.86392,89.25,4.732,23.205,23.205,0.6580155
000504,南华生物,8.77,3.176,2.29304,97.444,10.454,28.9430256946,28.8640343046,0.65473678
600835,上海机电,18.93,-0.682,0.42922,24.584,1.348,190.6808952285,152.67126399,0.65432006
000550,江铃汽车,16.36,1.175,0.7713,11.855,1.173,141.2218104,84.82057297600001,0.65369004
600800,渤海化学,3.38,1.502,1.76718,-5.828,3.834,37.5195283008,37.508881300800006,0.65364157
000011,深物业A,7.9,1.804,1.581,138.84,1.399,47.082348268000004,41.591567897,0.65253127
002627,三峡旅游,6.64,2.311,1.40603,75.283,1.515,46.8571173392,46.3577007616,0.65158324
002752,昇兴股份,6.07,2.189,1.11276,19.581,1.61,59.2989510076,59.214477913299994,0.651572
605588,冠石科技,46.17,1.028,1.93476,-48.094,3.577,33.8312895777,33.7500673137,0.65147903
002110,三钢闽光,3.15,0.639,0.85061,315.0,0.395,76.5159011505,76.5159011505,0.65060931
002286,保龄宝,8.19,2.375,2.16033,19.976,1.351,31.120147422,30.2775756192,0.64928404
002264,新 华 都,6.64,1.22,1.50739,27.667,2.294,47.79547032,43.2202827008,0.6473233
002111,威海广泰,9.64,0.521,1.37778,38.56,1.66,51.2858654128,47.1156539508,0.64723793
001914,招商积余,8.79,0.918,0.6949,14.212,0.845,92.6219755182,92.6216414982,0.6459974
603380,易德龙,32.76,-1.592,1.23029,23.739,3.258,52.560537120000006,52.560537120000006,0.64567641
000898,鞍钢股份,2.04,0.99,0.39871,-4.7,0.45,191.13211366320002,162.3324901632,0.6451527
002892,科力尔,9.7,1.147,1.33173,215.556,5.665,72.073868096,48.609021694999996,0.64483579
600848,上海临港,8.79,1.501,0.30636,23.132,1.322,221.7266076516,210.42488879669997,0.64419497
000597,东北制药,4.78,0.844,0.95583,26.556,1.228,68.20717106699999,67.3599386286,0.64406709
000882,华联股份,1.43,1.418,1.64888,-13.315,0.598,39.1441328421,39.1153068163,0.64287429
600717,天津港,4.26,0.709,0.52167,12.529,0.603,123.2844442188,123.2844442188,0.64225998
000659,珠海中富,2.87,2.5,1.75879,-32.031,40.14,36.899662324,36.899662324,0.64118462
000695,滨海能源,12.7,0.079,2.29215,-32.014,8.47,29.432521653,28.170014653000003,0.64076338
600959,江苏有线,3.1,0.977,0.41512,62.0,0.682,155.022248266,155.022248266,0.64044833
001237,惠康科技,55.17,0.492,3.33497,0.0,4.133,81.84548393099999,19.230070647599998,0.64011444
600006,东风股份,5.47,1.296,0.58733,-22.811,1.369,109.4,109.4,0.63883171
000019,深粮控股,6.2,1.473,2.48805,29.384,1.414,71.457185748,25.804797234000002,0.63839693
600528,中铁工业,7.17,0.42,0.40015,12.153,0.624,159.2852488596,159.2852488596,0.63829754
603896,寿仙谷,15.34,4.283,2.10409,170.444,1.37,30.4106200892,30.4106200892,0.63790459
600618,氯碱化工,10.58,1.829,0.8064,14.182,1.284,122.3471174608,79.3330694608,0.63743372
002889,东方嘉盛,12.27,2.335,2.08347,45.444,1.847,46.3397988144,30.8326147758,0.63687272
000524,岭南控股,9.5,1.822,1.0013,95.0,2.752,63.669816714999996,63.64689711,0.63514097
002160,常铝股份,4.01,2.036,1.54975,59.584,1.098,41.4145247967,41.3322525089,0.63443547
002269,美邦服饰,1.45,2.113,1.87223,-14.5,17.019,36.43125,33.9840715875,0.63213034
002762,金发拉比,9.37,-9.99,3.13121,-17.679,4.962,33.1721425,19.8061592658,0.63133993
600643,爱建集团,4.0,2.041,0.99426,-3.317,0.649,63.72683112,63.61406864,0.62987187
603808,歌力思,8.61,6.957,2.07141,19.133,1.195,31.3174313613,31.3174313613,0.62973377
603987,康德莱,7.63,2.83,1.88848,13.873,1.171,33.327144144,33.327144144,0.62864179
603166,福达股份,11.4,-1.978,0.85489,22.8,2.692,73.604174214,73.041584214,0.62621978
600683,京投发展,9.71,9.966,0.87184,-4.879,-5.715,71.92950466869999,71.92950466869999,0.62593291
603101,汇嘉时代,7.43,2.909,1.80323,45.222,2.383,34.950720000000004,34.950720000000004,0.62588739
001205,盛航股份,13.95,2.574,2.71395,24.143,1.211,26.22649383,23.2245638955,0.6256864
600768,宁波富邦,14.94,1.771,3.16066,33.955,4.366,19.98183168,19.98183168,0.62563629
002775,文科股份,3.91,1.558,2.77461,-8.319,-50.779,25.2321732093,22.7099886093,0.62480982
601599,浙文影业,3.09,2.318,1.75733,28.091,2.342,35.8607617977,35.8607617977,0.62468464
601002,晋亿实业,5.47,2.243,1.2062,21.88,1.189,52.207907384,52.207907384,0.62431613
603181,皇马科技,13.5,2.195,0.78899,17.763,2.199,79.4745,79.4745,0.62391232
603057,紫燕食品,23.03,3.459,0.66013,40.305,4.483,95.6009845,94.8836,0.62364015
002387,维信诺,7.11,0.282,0.63227,-4.156,3.809,99.3121986573,99.1842399873,0.62304228
002910,庄园牧场,9.44,2.497,3.90742,-24.842,1.863,18.4589143568,16.14824808,0.62278605
003041,真爱美家,42.97,0.374,1.05516,26.458,4.205,61.8768,58.79301498,0.62153465
002042,华孚时尚,3.86,1.047,0.95277,128.667,1.111,65.646300303,65.646300303,0.62123366
002489,浙江永强,2.76,2.222,1.18588,13.143,1.303,59.8648502388,52.799391744,0.62114887
002952,亚世光电,19.94,-1.189,2.36545,284.857,3.72,32.769396,26.2500193808,0.62070341
603520,司太立,9.05,-0.11,1.55643,452.5,1.541,39.6760942305,39.6760942305,0.62008152
600691,潞化科技,2.53,3.265,1.04048,-7.283,1.933,60.1123433856,60.1023245856,0.61970076
000897,津滨发展,1.77,2.312,2.17748,-66.292,0.951,28.625718541799998,28.625159221799997,0.61909819
002682,龙洲股份,4.54,2.948,2.45899,-4.633,4.845,25.5315341676,25.5315341676,0.61859156
600467,好当家,2.33,2.193,1.83039,116.5,0.99,34.041167283200004,34.041167283200004,0.61795248
600573,惠泉啤酒,9.85,2.178,2.52088,30.781,1.803,24.625,24.625,0.61790715
603518,锦泓集团,8.2,3.405,2.20842,12.424,0.737,28.318862688,28.214066688,0.61624638
600609,金杯汽车,3.32,2.154,1.43392,18.444,2.556,43.3113441256,43.3113441256,0.61575464
603315,福鞍股份,11.98,-0.333,1.60722,77.191,2.207,38.379878427200005,38.379878427200005,0.61527111
002527,新时达,11.7,-1.099,0.99681,1170.0,6.237,77.578171047,61.87997006100001,0.61518942
603199,九华旅游,33.1,2.129,1.68854,17.24,2.128,36.63508,36.63508,0.61450681
002406,远东传动,6.86,1.479,1.49777,32.667,1.216,50.0934406252,41.3118048028,0.61392685
605566,福莱蒽特,25.8,-0.039,1.80115,75.882,1.693,34.401720000000005,34.401720000000005,0.61333823
000753,漳州发展,4.86,2.101,1.2837,103.404,1.752,48.1859800506,48.1859800506,0.61273894
605580,恒盛能源,18.46,0.054,1.19876,32.964,4.816,51.688,51.688,0.61240298
001289,龙源电力,16.04,0.438,0.07554,29.627,1.748,1340.9145127056001,808.7262399056,0.61055546
605277,新亚电子,15.12,-0.722,1.06071,22.235,3.369,58.7843553528,57.72237508799999,0.6096353
603150,万朗磁塑,52.53,1.96,1.37595,39.496,2.58,44.9042199,44.9042199,0.60670103
002715,登云股份,13.57,-0.44,3.24964,-119.035,4.024,18.7266,18.7266,0.6066129
002481,双塔食品,4.26,3.65,1.28024,142.0,2.163,52.5554709,47.633300760000004,0.60550845
001395,亚联机械,29.85,2.051,3.91274,13.63,2.717,33.853482,15.523940249999999,0.604097
603817,海峡环保,5.77,3.405,1.85255,15.265,1.006,32.8938490503,32.8938490503,0.60320152
601326,秦港股份,3.41,0.59,0.37033,11.759,0.919,190.5307492,162.23276189999999,0.60317043
600576,祥源文旅,5.68,2.527,1.61966,51.636,2.315,59.898351392,37.5101567144,0.60300687
605080,浙江自然,21.1,5.027,2.06431,15.515,1.306,29.73184542,29.614103200000002,0.60254156
605338,巴比食品,19.94,5.558,1.27818,17.491,2.003,47.7695924028,47.7695924028,0.6015908
603206,嘉环科技,14.59,-0.681,1.35491,85.824,1.953,44.528678249200006,44.528678249200006,0.60140352
002321,华英农业,1.97,3.684,1.45185,-65.667,4.558,42.0179343987,41.8401623473,0.60034004
002662,峰璟股份,3.31,4.088,1.21828,19.471,1.111,49.65,49.64937441,0.59948803
600990,四创电子,18.23,1.844,1.23227,-13.096,3.17,49.0410144808,49.0410144808,0.59934226
600777,新潮能源,4.21,-0.941,0.22281,23.389,1.291,286.3008742325,268.0150156611,0.59857608
002107,沃华医药,6.29,-0.159,1.65608,37.0,5.134,36.30648384,35.9408329939,0.59846394
603120,肯特催化,47.84,-1.137,3.29601,48.323,3.63,43.24736,18.13136,0.59617928
002758,浙农股份,7.96,2.314,1.45359,7.37,0.795,41.2966789204,41.2525249596,0.59577923
002136,安 纳 达,12.43,2.305,2.24211,-28.867,2.454,26.726986,26.656850968,0.59466699
600067,冠城新材,2.8,2.564,1.53964,56.0,0.697,38.966724692,38.966724692,0.59430478
002935,天奥电子,16.96,0.236,0.85321,110.417,4.429,71.5435860672,70.3994137568,0.59349468
603901,永创智能,9.63,0.838,1.09199,33.207,1.886,55.541563991100006,54.7849878561,0.59347197
002663,普邦股份,1.64,3.797,2.15076,-6.081,1.463,28.2629219928,27.996705352000003,0.59277908
600640,国脉文化,10.73,0.187,0.69918,397.407,2.135,84.933458782,84.933458782,0.59177042
001318,阳光乳业,11.22,3.03,1.87407,30.357,2.146,31.714452,31.714452,0.59143922
002960,青鸟智控,8.22,1.607,0.749,22.465,1.378,86.6169862572,79.58776052820001,0.5912882
001328,登康口腔,31.09,1.402,1.17714,29.61,3.402,53.52883442,50.27778421,0.5910743
000530,冰山冷热,5.04,2.231,1.96844,72.0,1.338,42.4979103528,30.245882939999998,0.59051984
002950,奥美医疗,9.5,0.742,1.44108,23.62,1.627,60.160213665,40.814399225,0.58908626
000517,荣安地产,2.19,3.302,1.09997,-6.087,1.501,69.7279024215,54.5745025104,0.58846775
603284,林平发展,40.32,-0.739,7.73622,12.293,1.374,30.407247360000003,7.601811840000001,0.58782888
002140,东华科技,9.18,0.658,0.90642,12.194,1.332,64.9956734496,64.912824225,0.58732965
601177,杭齿前进,13.33,1.292,1.09988,21.075,1.866,54.34820955000001,53.642119449999996,0.58720044
002707,众信旅游,5.19,1.765,1.31702,741.429,5.665,51.0029102127,44.8928721138,0.58691938
603135,中重科技,9.53,0.527,0.98404,-238.25,2.046,60.444699724,59.994979024,0.586192
001219,青岛食品,12.95,5.114,2.41474,22.719,2.312,25.250395625,24.63057625,0.58602202
603088,宁波精达,9.55,-0.521,1.40527,38.2,4.175,47.978050753,41.816760720000005,0.58551519
000678,襄阳轴承,8.95,1.474,1.42902,-81.364,5.28,41.1352558315,41.1352558315,0.5824227
000576,甘化科工,7.39,2.925,1.83716,43.471,1.953,32.2513060146,32.0589477879,0.58010323
600755,厦门国贸,5.77,0.698,0.47076,288.5,0.639,123.34073729689999,123.0255446999,0.57891151
600694,大商股份,14.59,1.109,1.04583,10.275,0.604,55.265987844899996,55.265987844899996,0.57875404
002893,京能热力,9.86,1.128,2.90001,41.083,1.847,25.994904000000002,19.9939717348,0.57810395
601900,南方传媒,11.85,1.023,0.55251,10.042,1.144,104.513456139,104.513456139,0.5764313
600743,华远控股,2.27,0.442,1.08332,-50.444,9.615,53.256489839800004,53.256489839800004,0.57629881
605050,福然德,11.0,4.068,1.06981,14.474,1.214,54.21120991,54.21120991,0.57580003
605116,奥锐特,20.42,-0.633,0.68614,18.232,3.073,82.9426163828,82.9426163828,0.5749733
603685,晨丰科技,27.15,-0.294,1.06418,208.846,3.442,68.676079212,54.6979503105,0.5741369
002277,友阿股份,5.76,0.699,0.71813,-24.0,1.256,80.30435328,80.30435328,0.57362956
600725,云维股份,3.31,0.608,1.407,-103.762,15.898,40.794757000000004,40.794757000000004,0.57360426
603697,有友食品,10.09,3.381,1.33483,23.465,2.349,43.1541326882,43.1541326882,0.57357633
600249,两面针,5.33,3.899,1.96891,297.765,1.37,29.315,29.315,0.57144978
603279,景津装备,12.91,0.859,0.76794,14.187,1.603,74.40975429999999,74.40975429999999,0.57093858
603335,迪生力,6.89,-1.006,1.93499,62.636,10.449,29.499162939999998,29.499162939999998,0.57048081
600841,动力新科,5.85,1.211,0.94244,2.826,1.265,81.187574364,61.016932314,0.57044314
600004,白云机场,7.67,1.187,0.3145,12.371,0.933,197.6746606666,181.5272923061,0.57001331
002026,山东威达,10.73,3.173,1.2216,18.825,1.223,47.2690770547,47.2649969722,0.56991553
000570,苏常柴Ａ,5.03,2.028,2.05068,69.861,1.005,35.496333102099996,27.951333102099998,0.56917559
002718,友邦吊顶,85.92,-0.957,0.7128,859.2,12.085,111.2215746768,80.74832398080001,0.56895235
603879,永悦科技,5.36,1.708,2.9612,-35.733,8.313,19.260861984,19.260861984,0.56857402
000965,天保基建,3.21,2.885,1.60916,185.549,0.647,35.625571729499995,35.625571729499995,0.56837493
600318,新力金融,6.65,2.151,1.67862,95.0,3.072,34.096387528,34.096387528,0.5681733
001324,长青科技,19.8,3.018,2.09024,64.643,2.371,27.324,27.324,0.56688754
600223,福瑞达,5.71,3.069,0.98159,31.722,1.361,58.0460770525,58.0460770525,0.56666074
000561,烽火电子,7.7,1.717,0.95781,-19.744,2.289,66.52940432599999,59.771046719999994,0.56657688
605303,园林股份,21.29,-1.708,1.63969,-20.276,4.057,34.3274441632,34.3274441632,0.56605654
002053,云南能投,9.7,0.622,0.63611,37.802,1.171,89.310758008,89.310125083,0.56557744
000008,神州高铁,2.45,1.24,0.85367,-7.967,3.084,66.5512532335,66.54927532399999,0.56541574
601236,红塔证券,7.05,0.571,0.17082,27.115,1.294,330.872976273,330.872976273,0.56517905
002767,先锋电子,17.54,1.27,2.49274,92.316,3.053,26.31,22.8396006734,0.56515365
603926,铁流股份,15.9,0.697,1.53697,48.182,2.117,37.044871149,36.703339149,0.56346343
002873,新天药业,8.25,2.357,2.86086,213.178,1.599,20.138563995000002,19.77447021,0.56257868
000565,渝三峡Ａ,6.04,3.602,2.17887,302.0,2.04,26.188970087999998,26.188970087999998,0.56224095
603739,蔚蓝生物,12.22,1.918,1.81974,43.643,1.718,30.920127425199997,30.920127425199997,0.56201749
600721,百花医药,11.59,9.962,1.26061,109.443,5.513,44.5690708965,44.5690708965,0.56184356
603100,川仪股份,18.39,0.273,0.59933,14.595,1.97,94.3725470664,94.0720526274,0.56129475
002571,德力股份,10.88,-3.289,1.72558,-16.395,5.359,42.64423616,32.4557132544,0.56014802
600135,乐凯胶片,7.59,2.985,1.35316,-42.545,1.783,41.9960088141,41.9960088141,0.5594173
603262,技源集团,19.54,-1.113,2.74407,54.278,4.977,78.16195400000001,20.3895544534,0.55890649
601330,绿色动力,7.22,1.12,0.7842,16.409,1.248,103.28822241559999,71.4126594332,0.55826741
600605,汇通能源,23.72,0.127,1.15424,197.667,3.426,48.930192158800004,48.930192158800004,0.5568332
000797,中国武夷,2.43,2.966,1.46793,-8.467,0.824,38.169327473100005,38.1635272818,0.55559746
002795,永和智控,6.8,1.341,1.89638,-21.25,6.734,30.034745036,29.541168396,0.55509169
601188,龙江交通,2.89,2.12,1.47712,22.438,0.833,37.7280805435,37.7280805435,0.55408884
002351,漫步者,10.14,-0.197,1.05111,21.125,2.932,90.1554498,52.835156985,0.55397489
000877,天山股份,3.88,2.375,0.20137,-3.784,0.373,275.8870777272,275.8870195272,0.5516872
001216,华瓷股份,14.82,5.405,1.55382,16.841,2.296,43.2682256916,36.3909840918,0.55107179
002010,传化智联,4.83,0.207,0.4135,22.644,0.735,133.5026928564,133.1787977898,0.55038299
603390,通达电气,10.16,1.6,1.55397,42.333,2.088,35.7278415744,35.6691151488,0.54964664
000958,电投产融,5.49,0.366,0.18621,21.606,2.218,1005.5772199197,295.54967674799997,0.54908843
600665,天地源,3.31,0.0,1.92286,-2.198,2.018,28.6024554451,28.6024554451,0.54904623
002228,合兴包装,3.13,1.623,1.45543,34.778,1.262,37.9789701877,37.851769491700004,0.54814311
001386,马可波罗,15.24,0.86,3.32733,13.855,1.489,182.105808,16.38952272,0.54788719
002478,常宝股份,6.44,1.899,1.18856,11.926,0.956,58.011792283199995,46.543421607199996,0.54737465
601059,信达证券,16.64,0.12,0.10105,30.815,2.51,539.6352,539.6352,0.54705868
603257,中国瑞林,66.92,-0.52,3.3225,45.524,3.128,80.304,16.663079999999997,0.54615745
001382,新亚电缆,17.43,2.65,5.00913,67.038,4.378,71.8116,10.9809,0.54603341
002700,万憬能源,6.07,1.846,4.25266,30.35,1.796,25.1072308295,13.0375010343,0.54580651
601228,广州港,3.07,1.32,0.23621,28.165,1.076,231.61711247569997,231.61711247569997,0.54525894
600956,新天绿能,7.37,1.515,0.31599,17.14,1.341,331.6697127601,173.0541354949,0.54521076
600622,光大嘉宝,2.22,3.256,1.65409,-2.387,1.666,33.293015924399995,33.293015924399995,0.54441497
603536,惠发食品,9.42,4.783,2.4255,-33.643,6.523,22.832269476,22.658138892,0.54395768
603138,海量数据,13.3,-0.3,1.41559,-78.235,4.827,39.05022443,38.34959905,0.54213511
000156,华数传媒,6.89,1.175,0.46424,27.56,0.841,127.6670452538,117.12144792530002,0.54121878
600207,安彩高科,4.48,0.674,1.11993,-6.712,2.599,48.801202419199996,48.801202419199996,0.54101655
603680,今创集团,10.69,2.591,0.65136,14.446,1.426,83.7795361923,83.7795361923,0.53951478
603375,盛景微,37.2,-0.694,2.27158,372.0,2.418,37.448000124,23.726505588,0.53921331
603863,松炀资源,12.57,-0.475,2.08786,-12.57,10.623,25.724504999999997,25.724504999999997,0.53915729
603701,德宏股份,20.34,1.043,1.02498,508.5,6.551,53.1610106634,53.1610106634,0.53882774
600857,宁波中百,17.74,-0.616,1.35605,118.267,4.5,39.7943536306,39.7943536306,0.53864118
603366,日出东方,6.92,1.765,0.9622,32.216,1.313,56.262928589199994,56.262928589199994,0.53751292
002852,道道全,7.86,3.421,2.41466,11.576,1.227,27.035908773000003,22.465353435599997,0.537344
002652,扬子新材,3.96,3.394,2.69874,-66.0,8.635,20.2777344,20.2777344,0.53610704
002061,浙江交科,3.54,0.855,0.58354,9.833,0.584,93.5675803044,92.00948166,0.53570721
601588,北辰实业,1.74,3.571,1.16747,-1.955,0.894,58.586148,46.284,0.53567129
001225,和泰机电,45.62,1.288,5.61582,86.075,2.144,29.91339896,9.5978882426,0.53537486
601500,通用股份,4.07,0.993,0.82905,31.308,1.054,64.6851504145,64.4281299145,0.53493634
605058,澳弘电子,26.61,-1.772,1.4121,24.869,2.093,38.032374432,38.032374432,0.53487673
002330,得利斯,3.95,3.403,2.14882,564.286,1.091,25.094953954999998,25.088393005,0.53473436
603193,润本股份,20.99,0.962,2.47021,26.91,3.735,84.9241366086,21.6902923086,0.53467431
002593,日上集团,4.46,3.002,2.16589,31.857,1.45,35.8520680934,24.9984930734,0.53390192
600479,千金药业,9.92,0.711,1.28327,14.926,1.573,48.827233587200006,41.5159060064,0.53337904
002144,宏达高科,10.97,4.576,3.57135,45.708,0.904,19.3908493216,15.099291857199999,0.53244719
601996,丰林集团,2.45,3.814,1.96039,-22.273,1.12,27.462403191999996,27.462403191999996,0.53207464
000701,厦门信达,5.08,2.834,1.58325,-31.108,-5.536,33.9503057848,33.921528854799995,0.5314272
601566,九牧王,8.63,2.861,1.08324,16.922,1.214,49.591186045,49.591186045,0.53048204
002066,瑞泰科技,20.55,-0.194,1.11407,-82.53,7.759,48.2733885,47.4705,0.53033133
601033,永兴股份,14.52,2.47,1.53275,15.125,1.182,130.68,34.848,0.53018072
600322,津投城开,2.67,1.136,1.79292,-2.167,38.808,29.522190000000002,29.522190000000002,0.52987124
003002,壶化股份,16.95,1.376,1.72997,19.709,2.184,33.9,30.992613112500003,0.52923601
603352,至信股份,27.67,-1.495,4.22174,20.649,2.122,62.7186667589,12.5437335178,0.52908454
002314,南山控股,2.15,2.871,1.85693,-2.945,0.864,58.217324029500006,28.7739668385,0.52860957
002671,龙泉股份,3.96,3.125,2.44222,44.0,1.356,22.2389975016,21.8352844908,0.52809196
600333,长春燃气,6.19,2.483,1.40857,-619.0,1.946,37.6989993396,37.6989993396,0.5277971
601200,上海环境,7.08,1.433,0.55566,15.804,0.806,95.3131017708,95.3131017708,0.52730344
002554,惠博普,2.87,1.773,1.38047,-10.25,2.005,38.277766066400005,38.27061483,0.52675873
603303,得邦照明,21.96,1.058,0.50451,38.86,3.252,104.73702867,104.73702867,0.52518634
002012,凯恩股份,6.66,1.216,1.70021,95.143,1.995,31.143856302,31.143856302,0.52433034
001201,东瑞股份,11.9,3.839,2.20294,-18.889,1.01,30.676296119,23.971364165,0.52343992
603969,银龙股份,7.51,0.535,0.82109,17.465,2.312,65.45218838,63.951690379999995,0.52304723
600927,永安期货,13.07,0.307,0.27547,29.044,1.415,189.5731165392,189.5731165392,0.52264109
001215,千味央厨,33.15,-0.06,1.64136,50.227,1.733,32.208687849,32.122894323,0.52240766
002334,英威腾,6.71,0.751,1.06416,25.917,1.8,55.025932059999995,49.319311507399995,0.52201314
002577,雷柏科技,18.62,-0.957,0.99532,-1114.97,4.455,52.2641056,52.2613126,0.52178336
605108,同庆楼,13.03,3.004,1.54667,33.41,1.452,33.878,33.878,0.52130466
600250,南京商旅,8.54,2.275,1.9619,284.667,4.277,26.7123859016,26.7123859016,0.52085663
603899,晨光股份,22.81,1.468,0.24934,15.944,2.169,208.8929254937,208.8929254937,0.52002259
603218,日月股份,10.09,0.598,0.50208,18.345,0.996,103.91151185,103.81969285000001,0.52000104
002094,青岛金王,4.81,1.691,1.5758,156.678,2.251,33.2321721069,33.2108157069,0.51918525
002771,真视通,12.88,1.099,2.32562,-42.933,4.563,27.01761608,22.477487564,0.51877832
603937,丽岛新材,11.63,4.305,2.16959,-68.412,1.57,24.294138553299998,24.294138553299998,0.51630601
002899,英派斯,20.31,2.163,1.72831,47.233,1.697,30.017565825600002,30.017565825600002,0.51589297
603786,科博达,42.83,0.848,0.29811,20.818,2.999,172.97182461,172.97182461,0.51533142
600787,中储股份,4.63,0.871,0.51311,18.446,0.718,100.4746846466,100.4746846466,0.51460879
003015,日久光电,11.59,0.0,1.80483,30.5,2.813,32.575626705299996,28.6322624903,0.51372599
600655,豫园股份,4.68,1.739,0.28358,-3.7,0.608,182.1085523244,182.0448055764,0.51344116
002483,润邦股份,5.24,1.55,1.11167,12.78,1.008,46.450944841200005,46.3871418676,0.51341712
603030,全筑股份,2.08,2.97,1.90895,-9.455,3.918,27.392217216000002,27.392217216000002,0.51281807
605319,无锡振华,24.95,-0.598,0.58753,18.619,3.056,87.3493754015,86.86384840150001,0.51267678
603396,金辰股份,24.86,1.345,1.49406,62.15,1.315,34.4379310308,34.4379310308,0.51204608
002287,奇正藏药,20.83,-0.715,0.42681,17.46,2.364,119.1722216849,118.9279251536,0.51143785
002209,达 意 隆,11.28,2.732,2.88944,18.315,2.685,23.07098964,17.8053432864,0.51102101
002344,海宁皮城,3.88,3.467,1.03763,64.667,0.588,49.765538047999996,49.7132795696,0.50991115
002347,泰尔股份,5.99,1.354,1.7404,-31.845,2.738,30.231666332400003,29.553635769899998,0.50936535
600073,光明肉业,5.22,2.554,1.04327,-37.286,1.043,48.9494784384,48.9494784384,0.5092792
600567,山鹰国际,1.34,1.515,0.60306,-6.7,0.572,84.5198743004,84.5198743004,0.50795909
000886,海南高速,4.6,1.545,1.13491,29.487,1.432,45.4861018,44.980071808000005,0.50789896
600880,博瑞传播,4.03,1.003,1.15786,-403.0,1.468,44.0612833076,44.049116052500004,0.50755419
603159,上海亚虹,20.84,1.461,1.74849,-521.0,5.884,29.176,29.176,0.50737874
603355,莱克电气,27.58,-1.885,0.31717,19.842,2.798,158.14286005559998,158.14286005559998,0.50575904
000828,东莞控股,10.0,0.604,0.48722,12.623,0.993,103.9516992,103.9516992,0.50560526
603815,交建股份,5.5,2.804,1.49527,-4.331,2.162,34.040832925000004,34.040832925000004,0.50363855
002420,毅昌科技,5.81,3.197,2.17231,12.104,3.01,23.895948999999998,23.51348251,0.50357974
605255,天普股份,70.0,-1.13,0.532,350.0,11.547,93.856,93.856,0.50331482
600125,铁龙物流,5.51,1.287,0.70148,13.706,0.918,71.9342552574,71.9342552574,0.50306538
603566,普莱柯,10.53,2.832,1.38641,19.5,1.377,36.4403573469,36.4403573469,0.50292318
600054,黄山旅游,11.35,0.979,0.86369,28.375,1.723,82.78456644,58.25955,0.50271206
002449,国星光电,6.45,1.256,1.27087,-307.143,1.062,39.891777400500004,39.891777400500004,0.50122006
601226,华电科工,6.32,1.282,0.6861,47.024,1.689,73.45253784,73.45253784,0.5007149
002999,天禾股份,5.89,3.697,2.49349,34.647,1.662,20.4731688,20.2347342375,0.50070787
600668,尖峰集团,7.55,1.752,1.61496,7.564,0.569,31.173994847,31.173994847,0.50062113
603207,小方制药,23.55,2.258,3.88411,18.256,3.289,37.838553201,12.858993782999999,0.50015151
601568,北元化工,3.76,1.075,0.33496,125.333,1.313,149.3555556224,149.3555556224,0.49998028
002991,甘源食品,43.5,2.498,2.30636,18.913,2.279,40.548886485000004,21.721162109999998,0.49990719
002243,力合科创,7.27,-0.274,0.5717,49.76,1.207,88.0109267213,87.54114448300001,0.49948543
002692,远程股份,4.17,3.218,1.68146,1668.0,2.621,29.946688199999997,29.929508842500002,0.49864857
001207,联科科技,15.76,1.155,1.08629,10.922,1.974,47.7745084544,46.1172416992,0.49816264
002651,利君股份,7.88,1.94,1.1263,145.387,2.905,81.43664799999999,44.5585349108,0.49771267
000014,沙河股份,10.18,2.414,2.02622,-16.419,1.784,24.640305603199998,24.640305603199998,0.4976812
605333,沪光股份,17.32,2.425,0.62298,15.89,2.331,80.3717983192,80.3717983192,0.4964415
600248,陕建股份,2.88,1.408,0.46551,47.603,0.385,106.9611634368,106.7252914368,0.49618975
600662,外服控股,4.5,2.273,0.48598,15.707,1.895,102.75493967999999,102.4542918,0.49603053
603829,洛凯股份,15.06,1.826,1.77802,30.735,1.878,28.0516835454,28.0516835454,0.49576596
000514,渝 开 发,3.99,3.368,1.48792,498.75,0.917,33.6664615035,33.6664615035,0.49559271
603209,兴通股份,13.92,1.754,1.1146,15.818,1.304,45.24,44.7516303024,0.49455694
600692,亚通股份,6.2,4.553,3.1765,151.589,2.243,21.809371968,15.810652054,0.49429202
002763,汇洁股份,7.55,3.994,2.1827,58.077,1.638,30.949262,22.9228721,0.49325729
600510,黑牡丹,6.71,-2.754,0.70179,111.833,0.656,69.2489081647,69.2489081647,0.49270925
002911,佛燃能源,11.16,1.918,0.35049,15.5,3.428,144.876422628,141.4014409116,0.49268124
002712,思美传媒,4.81,1.263,1.90995,-44.911,1.892,26.1796851238,26.0173031313,0.49246522
600628,新世界,6.16,1.65,1.23687,61.6,0.938,39.8475236544,39.8475236544,0.49192306
603703,盛洋科技,9.31,0.431,1.28332,-155.167,4.675,38.634835372000005,38.634835372000005,0.49189273
002599,盛通股份,6.22,1.468,1.92609,622.0,2.724,33.6262397514,25.711681549199998,0.49092692
002930,宏川智慧,9.04,1.573,1.25764,-9.617,2.115,41.4036715264,39.1809890984,0.49047932
000151,中成股份,10.08,1.511,1.59114,9.421,4.04,35.3713536288,31.039817256,0.48977485
002101,广东鸿图,8.75,0.114,0.83819,15.909,0.728,57.99701346249999,57.9435674125,0.4886814
000520,凤凰航运,3.98,0.759,1.22308,-91.705,9.565,40.280921509,40.280921509,0.48867026
600356,恒丰纸业,8.7,5.583,1.91272,13.182,0.93,28.669675848,25.989629886,0.48752167
600506,统一股份,14.7,1.1,1.33444,216.176,7.242,36.694818258000005,36.694818258000005,0.48729916
002232,启明信息,14.73,0.96,0.81346,184.818,4.256,60.179187421499996,60.179187421499996,0.48676323
600138,中青旅,7.13,1.422,0.94474,61.785,0.819,51.609792,51.609792,0.48673181
600657,信达地产,2.61,1.556,0.65177,-0.946,0.48,74.4340313295,74.4340313295,0.4867007
001269,欧晶科技,19.72,2.388,1.28375,-13.561,5.63,37.9437185752,37.9437185752,0.48646612
605069,正和生态,11.14,2.015,2.08604,-15.054,3.431,23.5831324692,23.5831324692,0.48464512
600020,中原高速,3.8,0.264,0.56613,16.565,0.717,85.400129616,85.400129616,0.48441403
603219,富佳股份,14.18,-3.864,0.60458,74.632,4.925,79.60651999999999,79.60651999999999,0.48437622
603915,国茂股份,13.59,0.074,0.5437,37.75,2.393,90.76522903200001,89.23635403200001,0.48433928
002765,蓝黛科技,7.1,0.0,1.14676,25.357,1.74,46.30109439,42.30606994,0.48405017
002482,广田集团,1.28,2.4,1.0233,-32.0,10.793,48.0123182464,47.9194854528,0.48401141
002638,勤上股份,3.71,0.0,0.97019,-16.13,2.82,53.297650347899996,50.1844283339,0.48388137
000705,浙江震元,6.93,3.279,2.48831,99.0,1.19,23.1547437198,19.5402005568,0.48344665
002875,安奈儿,13.91,0.724,1.65897,-28.979,4.783,29.546317242,29.546317242,0.48331374
603202,天有为,53.79,1.491,1.79328,8.552,1.252,86.064,27.009880378800002,0.48321395
600865,百大集团,8.95,2.169,1.43822,298.333,1.457,33.673508282,33.673508282,0.4828296
601801,皖新传媒,5.52,0.73,0.44649,13.463,0.889,108.0778042824,108.0778042824,0.48239298
603105,芯能科技,7.34,1.944,1.32322,18.35,1.708,36.700834925,36.700834925,0.48155627
605389,长龄液压,74.47,-2.013,0.36427,84.625,6.456,139.256822287,131.92121302360002,0.4813844
000419,通程控股,5.01,3.299,1.78578,22.149,0.797,27.2334910155,27.2334910155,0.48107267
000955,欣龙控股,4.33,2.85,2.07563,3330.769,3.597,23.312503500000002,23.308947487500003,0.48079667
600526,菲达环保,4.5,2.74,1.2274,13.235,0.864,39.991627799999996,39.2853213,0.48052442
002022,科华生物,5.44,2.836,1.72166,-3.822,1.104,27.983206265600003,27.9792282656,0.47988988
601026,道生天合,15.2,1.604,2.86384,41.081,3.801,100.2288,16.88502488,0.47976182
000803,山高环能,7.18,1.269,1.45563,119.667,2.248,33.4800637854,33.012762604,0.47949406
600838,上海九百,7.42,2.486,1.61751,65.606,1.927,29.7454429902,29.7454429902,0.47938792
600613,神奇制药,5.16,1.375,1.92948,73.714,1.184,27.5580960048,24.7329108648,0.47933726
603036,如通股份,13.1,0.23,1.78291,25.686,1.915,26.986789275,26.986789275,0.47886848
000421,南京公用,5.47,2.627,1.53936,65.431,1.115,31.420540649800003,31.4140074459,0.47881221
002823,凯中精密,13.33,-0.225,1.65226,18.514,2.076,43.771580901700005,29.177857978099997,0.47871034
002316,亚联发展,4.52,2.961,3.15813,287.898,22.691,17.769023999999998,15.403482,0.47856937
600232,金鹰股份,6.49,6.219,2.07834,108.167,2.462,23.670233505600002,23.670233505600002,0.47834761
002725,跃岭股份,11.6,-0.515,1.67249,203.866,3.042,29.696,28.879758111999998,0.47813736
601828,美凯龙,2.25,1.351,0.58812,-0.413,0.434,97.9579771425,81.2790503775,0.47580332
003039,顺控发展,12.16,3.051,0.63773,24.715,2.526,75.09027756799999,75.09027756799999,0.47547428
002862,实丰文化,13.82,2.598,2.70011,-13.288,8.044,23.423517999999998,17.7694088416,0.4752645
002383,合众思壮,7.07,1.144,0.91719,-33.084,3.487,52.3434735635,52.3434735635,0.47503614
600503,华丽家族,2.16,1.887,1.38069,-47.162,1.003,34.609464,34.609464,0.47500684
003025,思进智能,12.34,1.815,1.71235,22.852,2.694,35.0398690572,27.9397255152,0.47494102
603499,翔港科技,12.79,-1.615,0.87993,33.658,5.854,54.1825514734,54.1825514734,0.47487533
000718,苏宁环球,1.9,2.151,1.09752,311.475,0.63,57.658091296,43.354765668,0.47460472
002516,旷达科技,5.37,-0.186,0.60501,41.308,2.061,78.9840372234,78.4287792234,0.47454125
000885,城发环境,12.98,0.933,0.56971,6.742,0.851,83.341757499,83.341757499,0.47393168
600684,珠江股份,3.51,3.54,1.60125,43.875,3.081,38.8232073333,29.956471377299998,0.47391912
603085,天成自控,9.96,-0.1,1.19413,45.273,4.088,39.551159999999996,39.551159999999996,0.47135428
000852,石化机械,5.33,1.139,0.93514,467.544,1.629,50.9425482488,50.6487979309,0.47096004
603121,华培动力,12.2,1.921,1.15548,-93.846,3.764,41.30111323,41.30111323,0.47066294
001217,华尔泰,10.01,3.409,1.44133,-111.222,1.525,33.220187,32.8907325747,0.47012199
001316,润贝航科,26.91,1.089,1.17057,16.685,3.179,43.3685833308,40.4640288,0.46989772
002187,广百股份,5.38,2.476,1.2545,-38.429,0.942,37.7081312554,37.7081312554,0.46943976
002090,金智科技,9.54,1.814,1.24351,57.888,2.439,38.2150525734,37.9872001674,0.4691835
000599,青岛双星,5.0,2.249,1.15482,-11.353,2.31,122.15565595,40.8371056,0.46730374
002184,海得控制,10.01,1.213,1.88994,-42.961,2.771,35.226027837000004,24.853761132200002,0.46674388
600076,康欣新材,3.06,1.661,1.14646,-10.552,1.156,41.1430270302,41.1430270302,0.46672471
002688,金河生物,5.24,1.354,1.19366,148.442,1.765,40.3220304552,39.1670935308,0.46648537
603856,东宏股份,11.6,3.203,1.43755,11.959,1.171,32.71850296,32.71850296,0.46539507
002191,劲嘉股份,3.78,0.8,0.87885,-15.75,0.859,53.4483999252,53.02264726080001,0.46439946
601107,四川成渝,5.59,1.085,0.38371,12.011,0.985,170.94555400000002,120.897166,0.46418012
002495,佳隆股份,2.38,3.93,2.85695,111.215,2.011,22.26788928,16.5152533266,0.46413365
600495,晋西车轴,3.91,2.895,0.98513,162.917,1.44,47.2402636426,47.2402636426,0.46336498
000702,正虹科技,5.5,4.364,2.46674,-133.495,5.75,19.06437214,19.06437214,0.4632096
002988,豪美新材,21.43,1.902,0.87144,45.596,1.99,53.533103492799995,53.533103492799995,0.46317134
002540,亚太科技,5.24,2.947,1.0435,15.206,1.17,65.3728808488,44.9697511592,0.46296134
000159,国际实业,5.78,2.847,1.68157,73.072,1.348,27.783650395400002,27.7826388954,0.462518
600638,新黄浦,5.03,2.863,1.37517,50.1,0.724,33.8718583358,33.8718583358,0.46223823
603055,台华新材,8.43,2.805,0.62128,14.05,1.39,75.0517624506,74.7783944106,0.46204857
603500,祥和实业,9.67,0.311,1.44139,24.175,2.983,32.1801398882,32.1632969723,0.46171953
603719,良品铺子,10.04,1.929,1.15656,-27.135,1.956,39.95753336,39.95753336,0.46162878
000822,山东海化,4.37,2.582,1.1921,-2.819,1.045,39.1155171662,39.1155171662,0.4616167
600858,银座股份,4.91,2.935,1.83017,43.108,0.926,25.5352695199,25.4116082239,0.46097203
002035,华帝股份,4.88,1.879,1.20896,13.473,1.075,41.3654965584,38.1634381496,0.4607584
002331,皖通科技,7.12,2.152,1.61543,-9.229,2.113,30.502774128800002,28.627996035200002,0.45992989
000715,中兴商业,4.95,3.125,1.92439,23.571,1.315,26.751513789,24.074470035,0.45989759
002933,新兴装备,27.6,2.87,1.43762,81.176,2.105,32.3886,32.221256507999996,0.45973666
002676,顺威股份,5.1,2.204,1.26296,46.07,2.729,36.72,36.718799409,0.45902414
001338,永顺泰,8.86,2.428,1.03608,18.851,1.189,44.4533518924,44.4533518924,0.4583498
002333,罗普斯金,5.56,1.832,1.2358,70.38,1.942,37.52581888,37.0579261428,0.4578312
000850,华茂股份,4.12,1.98,1.18557,17.913,0.868,38.8789983708,38.8670649556,0.45773452
002178,延华智能,4.62,2.667,1.40516,462.0,7.614,32.9014686462,32.8843818996,0.45690213
002729,好利科技,13.82,1.245,1.90292,53.154,4.463,25.286442944,24.2487194594,0.45604507
002103,广博股份,6.75,1.657,1.75936,21.774,2.87,36.0634243275,26.19915219,0.45477436
601112,振石股份,15.62,0.58,1.59571,31.24,4.136,271.8452265254,28.5437537,0.45440552
002186,全 聚 德,9.4,2.62,1.58223,371.542,3.381,28.850629272000003,28.839349272,0.45354876
603015,弘讯科技,10.89,2.062,1.03587,99.0,3.164,44.019449099999996,44.019449099999996,0.45338676
002357,富临运业,9.07,2.025,1.60145,16.593,1.607,28.433455565200003,28.432435190200003,0.45136615
603190,亚通精工,17.02,4.225,4.65222,18.5,1.318,29.6753912,9.797020913,0.45114464
603866,桃李面包,4.34,1.402,0.6502,24.464,1.32,69.427811327,69.427811327,0.45077541
601163,三角轮胎,13.38,1.134,0.42086,11.635,0.756,107.04,107.04,0.45051109
600676,久事动娱,6.98,-0.286,0.63246,-21.813,1.505,71.7888074912,71.7888074912,0.45034018
002677,浙江美大,6.89,1.773,1.19207,344.5,3.022,44.5129584783,37.999028665000004,0.45023276
002760,凤形股份,17.86,2.762,2.36849,94.0,2.304,19.2867828916,19.2867828916,0.45008363
603248,锡华科技,19.27,1.102,3.28881,34.411,3.795,88.642,13.7790040577,0.4500025
603165,荣晟环保,14.07,0.716,1.02685,16.36,1.637,44.000882784599995,44.000882784599995,0.44990787
002453,华软科技,4.42,3.271,1.71811,-13.813,4.812,35.9066269692,26.637145691,0.44987277
002486,嘉麟杰,2.43,3.404,2.2891,43.316,1.861,20.03007933,19.9366434,0.44964346
600828,茂业商业,4.0,2.828,0.65437,-28.189,1.03,69.27930183999999,69.25440723999999,0.4490622
601007,金陵饭店,6.72,2.91,1.72176,41.227,1.622,26.208,26.208,0.44784929
002393,力生制药,14.85,0.474,1.00241,9.167,0.994,45.7815207465,44.5822902855,0.44695538
002660,茂硕电源,7.24,4.624,1.83488,-10.97,2.589,25.8197237756,24.832237804000002,0.44691843
603210,泰鸿万立,13.85,1.689,1.39373,21.523,2.433,47.1454,32.22583375,0.44652643
002786,银宝山新,7.82,1.823,1.16849,-60.154,19.453,38.7568584,38.6395584,0.44628058
002848,高斯贝尔,12.96,0.232,2.09502,-27.215,30.842,21.66264,21.438543585599998,0.44608437
603170,宝立食品,13.27,2.156,0.83974,20.106,3.429,53.081327,53.081327,0.44502513
600807,济高发展,2.61,3.571,2.19385,-10.875,7.81,23.088966479099998,20.5411819104,0.44459426
002629,仁智股份,4.69,1.735,2.63463,213.182,31.689,19.9839962,16.989712130999997,0.44430614
603406,天富龙,27.28,1.829,2.79439,23.119,2.332,109.12272800000001,16.0187693512,0.44419515
002259,升达林业,4.1,2.244,1.44437,23.402,6.732,30.845458947,30.845458947,0.44404744
600283,钱江水利,8.05,2.157,0.9824,18.721,1.42,45.146404288999996,45.146404288999996,0.44402443
003005,竞业达,13.81,0.509,2.54399,372.237,1.774,31.954778227099997,17.5356902486,0.44353148
603017,中衡设计,9.62,1.584,1.69007,53.444,1.78,26.5695061866,26.5695061866,0.44351137
002076,星光股份,2.07,1.471,2.06874,-591.429,7.541,22.9588769637,21.5749932849,0.44179911
002809,红墙股份,8.29,3.625,3.16947,-46.056,1.205,19.9175716577,14.090536543599999,0.44148124
000507,珠海港,5.02,0.803,0.97597,21.353,0.772,46.170691729,45.298193641000005,0.44143442
002454,松芝股份,5.07,2.218,1.00263,13.0,1.092,44.569035576,44.4818448594,0.44135381
002743,富煌钢构,4.04,4.393,2.54262,-1.98,0.758,17.584846511200002,17.5566675112,0.44042877
002591,恒大高新,6.29,2.778,3.16457,-73.055,2.952,18.8825475436,14.0589338598,0.44023876
002800,天顺股份,13.62,3.89,2.21448,-87.029,4.197,20.7368677254,20.1361983492,0.44010939
000936,华西股份,5.27,1.541,0.94597,65.875,0.915,46.692879144900004,46.6862626599,0.43978437
600241,时代万恒,7.26,1.823,2.07202,-16.133,2.088,21.366333549,21.366333549,0.43893976
603344,星德胜,22.7,0.487,3.57511,25.506,2.035,44.158532459999996,12.26503246,0.43867295
600449,宁夏建材,13.95,-10.0,0.65749,36.711,0.905,66.706255359,66.706255359,0.438588
002313,日海智能,8.31,1.341,1.42029,-13.623,40.576,31.112640000000003,31.110452392499997,0.43777904
002880,卫光生物,20.89,0.772,0.92328,19.234,1.939,47.37852,47.37852,0.43772139
002890,弘宇股份,14.58,4.069,1.87814,239.409,4.09,24.767798327999998,23.543304318,0.43753762
603048,浙江黎明,21.42,3.428,1.41292,102.0,2.46,31.461696000000003,31.461696000000003,0.43750926
002247,聚力文化,2.32,2.203,2.95593,38.667,2.936,19.7401851368,14.930143590400002,0.43644979
605218,伟时电子,14.09,3.375,1.46171,134.063,1.929,34.2125941889,29.988234514,0.43568772
002427,尤夫股份,4.43,2.309,1.0055,110.75,4.612,43.6546720211,43.6141467798,0.43526672
002818,富森美,10.91,1.678,1.34051,14.743,1.366,81.656870354,32.5483360626,0.43480134
002820,桂发祥,9.39,3.074,2.32082,-72.231,2.159,18.861532900500002,18.861532900500002,0.43379657
603661,恒林股份,32.12,0.312,0.97449,27.22,1.209,44.6683303572,44.6683303572,0.43360166
603960,克来机电,16.16,0.186,1.02392,146.909,3.763,42.37118064,42.37118064,0.43289928
002267,陕天然气,7.17,1.271,0.54165,13.655,1.136,79.7358094065,79.7358094065,0.43153587
000819,岳阳兴长,12.06,1.09,0.97953,-86.143,2.144,44.5622434236,44.1420247836,0.43112663
003027,同兴科技,16.78,3.644,2.48987,29.439,1.264,21.93535296,17.595670430400002,0.43108217
601949,中国出版,5.31,0.568,0.42779,15.622,1.016,101.1007036674,101.1007036674,0.43043183
601921,浙版传媒,7.24,1.259,0.26781,12.513,1.109,160.8888889452,160.8888889452,0.43022269
603787,新日股份,10.15,1.297,1.85406,46.136,1.513,23.359594685,23.359594685,0.43021733
600824,益民集团,3.62,3.429,1.13775,31.478,1.506,38.1557800426,38.1557800426,0.42919445
000586,汇源通信,12.07,1.343,1.87855,-1257.292,7.331,23.348208,23.076632999999998,0.42843371
002095,生 意 宝,14.42,1.98,1.18028,-288.4,4.158,36.442223999999996,36.296353443,0.42763302
603334,丰倍生物,33.45,1.92,4.03935,26.976,2.76,48.00075,10.6426871535,0.42757007
003011,海象新材,19.7,0.051,2.84039,20.102,1.457,20.227172,15.138485685000001,0.42690359
600007,中国国贸,18.44,0.765,0.22963,15.496,1.848,185.7428992696,185.7428992696,0.42684189
605055,迎丰股份,9.24,-0.108,1.06364,-71.077,4.139,40.656,40.656,0.42659609
601068,中铝国际,4.66,2.193,0.36037,128.022,4.523,139.1903772622,119.2769250822,0.42623699
600523,贵航股份,11.5,1.95,0.92269,23.958,1.43,46.495801799999995,46.4651313,0.42613989
000731,四川美丰,5.89,2.972,1.33049,-26.846,0.847,32.32584551,32.32584551,0.42613031
002724,海洋王,5.45,2.251,1.37237,38.192,1.528,42.046640673,30.943743059,0.42560484
003000,劲仔食品,10.83,1.977,1.27459,19.832,3.315,48.8318374197,33.3629299485,0.42541054
600463,空港股份,8.25,5.23,1.7454,-24.279,2.788,24.75,24.75,0.42528103
600106,重庆路桥,4.56,1.786,0.70179,50.667,1.14,60.6035428272,60.6035428272,0.42502512
002135,东南网架,6.41,-0.311,0.63567,160.25,1.153,71.505014685,66.9122228912,0.4247654
000978,桂林旅游,6.13,1.997,1.4878,259.746,2.679,28.696369,28.695771324999995,0.42433202
002367,康力电梯,5.44,0.741,0.98245,13.15,1.188,43.3973528064,43.2249197664,0.42426261
002391,长青股份,5.36,2.29,1.71337,82.716,0.813,34.81816068,24.8756694696,0.42404603
002224,三 力 士,3.62,3.134,1.47132,181.0,1.015,32.6566109288,29.1909693578,0.42400358
603966,法兰泰克,8.09,2.146,1.01652,13.048,1.984,42.0999470864,42.0434918304,0.42347851
001282,三联锻造,16.39,1.361,1.70047,33.449,2.203,36.41621984,25.03198808,0.42224389
000719,中原传媒,12.32,1.566,0.51167,9.194,1.019,126.0587018768,82.1925772976,0.42122822
002441,众业达,8.03,1.517,1.3156,22.943,0.963,43.726851802700004,32.0038965587,0.42010426
000407,胜利股份,4.09,1.238,1.17938,23.107,1.164,35.995462430399996,35.819187765799995,0.42000827
600790,轻纺城,3.35,2.134,0.85778,-335.0,0.825,49.103996088,49.103996088,0.41953838
002462,嘉事堂,12.06,1.43,1.19244,31.737,0.801,35.179878672,35.1513325314,0.41947286
603299,苏盐井神,9.16,0.881,0.58457,13.713,1.067,87.45601032079999,71.49436645440001,0.41910741
002905,金逸影视,7.82,3.576,1.54861,97.75,45.124,29.428224,27.326208,0.41807626
603970,中农立华,10.66,1.912,1.46511,16.607,1.761,28.6540942844,28.6540942844,0.41804121
600281,华阳新材,4.53,3.899,1.82782,-374.38,41.408,23.3024117325,23.3024117325,0.41802404
600843,上工申贝,7.19,1.554,1.24193,-35.506,1.89,51.276669912,33.737114287,0.41606022
605077,华康股份,11.21,1.356,1.23906,16.985,1.107,33.971918003599995,33.566059953599996,0.41541863
603801,志邦家居,5.98,3.64,1.6079,12.688,0.824,25.9742186834,25.9742186834,0.41483565
600658,电子城,4.03,2.025,0.92497,-2.442,1.113,45.078977313500005,45.078977313500005,0.41436003
603281,江瀚新材,21.35,1.473,0.37525,18.728,2.261,110.7289638455,110.7289638455,0.41412586
000655,金岭矿业,7.06,1.876,0.99137,15.678,1.19,42.031020237999996,42.031020237999996,0.41399875
603050,科林电气,18.22,1.054,0.5661,28.469,3.829,73.48475696460001,73.48475696460001,0.41399042
001396,誉帆科技,36.01,3.507,5.13552,30.778,2.691,38.4955600016,8.180550144,0.41393948
600173,卧龙新能,6.31,1.447,0.93833,-23.327,1.236,44.201943996400004,44.1962649964,0.41299704
600778,友好集团,5.55,3.352,2.419,138.75,6.839,17.287770035999998,17.272425951,0.41278632
600981,苏豪汇鸿,2.44,2.092,0.75555,244.0,1.099,54.715369884800005,54.715369884800005,0.41157678
603079,圣达生物,12.19,3.833,1.8058,34.829,1.442,23.0427111656,23.0427111656,0.41055884
002343,慈文传媒,5.22,2.153,1.67541,-137.008,2.587,24.7261109292,24.7261109292,0.4105216
002117,东港股份,8.2,1.235,0.96112,29.786,2.899,42.945118310000005,42.931483760000006,0.41047731
600335,国机汽车,5.17,1.373,0.53436,18.346,0.659,76.9015213164,76.9015213164,0.41008749
603708,家家悦,9.53,2.253,0.67437,29.781,2.53,60.8336757275,60.8336757275,0.40985631
000926,福星股份,2.19,1.389,1.19729,-0.846,0.667,34.8859285506,34.4532802755,0.40967603
603607,京华激光,21.94,0.596,1.04959,37.186,3.662,39.16658592,39.16658592,0.40954926
603767,中马传动,15.17,1.472,0.88314,-758.5,3.426,46.81939855,46.81939855,0.40953364
002551,尚荣医疗,3.15,2.273,2.13144,-18.529,1.075,26.633079207,19.252243426499998,0.40925268
001323,慕思股份,17.1,1.183,0.77028,13.79,1.616,74.398810644,53.22341466899999,0.40907893
603086,先达股份,5.68,2.899,1.66732,18.323,1.163,24.697386522400002,24.697386522400002,0.40886432
603016,新宏泰,29.21,0.898,0.95113,67.93,5.114,43.277536,43.277536,0.40863883
600830,香溢融通,8.11,1.884,1.11135,45.819,1.626,36.8455747817,36.8455747817,0.40747698
002356,鹏飞绿能,2.76,2.222,1.13782,94.198,6.038,36.1906247796,36.1904177796,0.40740382
600149,廊坊发展,4.93,3.571,2.19949,121.728,7.342,18.741888,18.741888,0.40691219
002888,惠威科技,17.59,2.03,3.11987,125.643,6.823,25.9704761708,13.178959218000001,0.40685162
603528,多伦科技,6.37,0.951,0.91217,-144.773,2.393,44.967749344699996,44.967749344699996,0.40676529
002615,哈尔斯,6.66,1.991,2.03279,44.4,1.564,37.2834606852,20.1213658926,0.40651785
603676,卫信康,9.35,2.974,1.0028,17.315,2.635,40.68760025,40.68760025,0.4063567
603381,永臻股份,15.18,1.743,1.89886,-16.323,1.077,36.0155102868,21.5765007348,0.40621319
000045,深纺织Ａ,9.98,0.504,0.89519,71.286,1.684,50.550880530200004,45.6107805302,0.40608306
600925,苏能股份,4.36,1.869,0.58263,133.333,1.927,300.35555556040003,70.0237183496,0.40595715
605018,长华集团,12.5,-1.884,0.68593,62.5,2.075,58.758224125,58.758224125,0.4058077
002362,汉王科技,16.01,0.502,1.22956,-19.973,4.312,39.137188824599995,33.2357885132,0.40552608
600603,广汇物流,4.46,1.595,0.77795,14.387,0.71,52.4470466946,52.4470466946,0.4045495
002813,路畅科技,20.89,0.578,1.6318,-26.744,12.366,25.068,25.0454504984,0.40363082
603602,纵横通信,11.24,0.988,1.56239,-15.397,2.914,25.9708623256,25.9708623256,0.40305898
603258,电魂网络,13.34,1.91,1.26157,-14.989,1.662,32.38481765,32.194936090000006,0.40218814
600586,金晶科技,4.21,0.718,0.67658,-10.118,1.184,59.66991717,59.66991717,0.40176235
002461,珠江啤酒,8.8,1.266,0.2063,21.553,1.737,194.77290624,194.77290624,0.40175806
600307,酒钢宏兴,1.47,1.379,0.43731,-4.582,1.731,92.0713541328,92.0713541328,0.40171534
605258,协和电子,26.86,-1.359,1.70682,35.342,1.94,23.6368,23.6368,0.40114472
002394,联发股份,9.99,3.416,1.26488,10.628,0.745,32.33763,32.2798184694,0.400631
002576,通达动力,14.77,2.003,1.68965,29.54,1.852,24.385270000000002,23.9314722367,0.40043044
600874,创业环保,5.6,1.449,0.5829,10.182,0.835,87.94341276,68.90341276,0.40005912
603489,八方股份,27.31,1.751,0.62703,62.068,2.313,64.0741700649,64.0741700649,0.39954917
002997,瑞鹄模具,27.46,0.845,0.69623,14.684,2.23,57.479635845000004,57.479635845000004,0.39941778
002609,捷顺科技,7.9,0.637,1.1026,79.397,2.118,50.831668439,36.249933364,0.39843814
001312,福恩股份,18.02,1.407,3.88486,13.652,3.109,42.046666786799996,10.300280473800001,0.39822327
600088,中视传媒,11.85,1.542,0.84879,-263.333,3.756,47.1282084,47.1282084,0.39809018
002722,物产金轮,12.97,2.126,1.39053,17.767,0.965,28.841649696999998,28.839704197000003,0.39792369
603633,徕木股份,6.35,1.276,1.47458,-18.143,1.557,27.102486943000002,27.102486943000002,0.39714752
600371,万向德农,7.23,2.553,1.89107,361.5,3.943,21.153389400000002,21.153389400000002,0.39632221
605099,共创草坪,32.95,2.393,0.30167,19.731,3.977,132.677371512,132.38834202,0.39573825
002858,力盛体育,11.85,2.865,2.28597,-289.024,4.242,22.121397273,17.4683709405,0.39537289
603958,哈森股份,14.86,0.541,1.21303,-64.609,5.006,32.596896,32.596896,0.39378628
603798,康普顿,13.75,0.365,1.12658,68.75,2.84,35.261826875,35.261826875,0.39331132
002996,顺博合金,6.36,1.435,1.35355,19.273,1.287,42.5761827696,29.152808427599997,0.39261506
600359,新农开发,6.2,2.142,1.66461,-310.0,3.507,23.65379484,23.65379484,0.39204831
603168,莎普爱思,5.57,3.532,1.89603,-8.703,1.573,20.8388463285,20.7490300785,0.39197724
000633,合金投资,5.33,3.295,1.93604,270.558,10.248,20.526169680899997,20.526169680899997,0.3915968
600706,曲江文旅,7.86,3.421,1.97812,-10.208,4.467,20.047699101,19.966772541,0.39114831
002494,华斯股份,4.8,3.672,2.88598,87.432,1.439,18.110914464,13.764981023999999,0.39070125
600639,浦东金桥,9.58,1.376,0.47992,9.932,0.714,107.5271551494,81.45267614740001,0.39054493
000017,深中华A,6.25,1.133,1.42479,104.69,11.035,43.0740583125,27.551371937499997,0.39044548
600615,鑫源智造,9.66,6.271,1.827,-483.0,3.02,21.795337326,21.76070043,0.39023824
002327,富安娜,6.63,1.843,1.19776,16.575,1.467,55.28543772569999,32.5521973647,0.3895435
600650,锦江在线,10.65,-0.56,0.93758,41.44,1.383,58.7464763955,41.594647987500004,0.38870279
003038,鑫铂股份,11.12,3.442,2.15036,-14.076,0.962,27.094965868,18.233689736,0.38713183
002060,广东建工,3.33,0.604,0.74288,11.273,0.863,125.02129495860001,52.041728178,0.38652417
000531,穗恒运Ａ,5.9,0.855,0.7231,20.171,0.884,61.442678588,53.674983792,0.38648049
002069,獐子岛,3.35,4.037,1.64483,-221.854,86.788,23.822258499,23.792242499,0.38627126
603558,健盛集团,12.88,2.141,0.87985,11.5,1.971,44.1317807112,44.1317807112,0.38606487
600796,钱江生化,5.15,2.183,2.40203,27.105,1.284,44.629166949,16.0411112835,0.38491339
000411,英特集团,9.78,1.347,0.69764,10.188,1.022,55.2422464788,55.1333745408,0.3848342
002884,凌霄泵业,16.27,0.993,0.8666,12.811,2.315,58.194944214299994,44.428893797600004,0.38467972
002188,中天服务,5.41,3.64,2.81068,54.1,4.907,17.6963190424,13.9233386787,0.38466435
600405,动力源,4.42,1.609,1.42626,-8.5,86.328,27.0870677896,27.0870677896,0.38460806
605266,健之佳,16.99,2.97,1.46778,16.99,0.969,26.2568434672,26.2568434672,0.38422479
000713,国投丰乐,5.89,2.257,1.06759,54.791,1.503,47.0151270186,36.165482322,0.38409852
605228,神通科技,10.95,-0.815,0.73612,35.323,2.293,52.4565574305,52.2463174305,0.38378463
002666,德联集团,4.23,2.92,1.83317,70.5,0.944,33.332370432299996,21.1782533967,0.38371643
002769,普路通,7.05,2.322,1.46907,78.333,2.238,26.318922807,26.297221214999997,0.38332245
002016,世荣兆业,4.48,1.587,1.05985,26.384,0.735,36.2474843136,36.2474843136,0.38314297
002419,天虹股份,4.59,1.774,0.7329,64.466,1.265,52.3836766548,52.3829020923,0.38304301
603488,展鹏科技,8.46,1.317,1.56432,-14.586,3.189,24.702391224,24.702391224,0.38210804
000900,现代投资,3.71,1.366,0.68,15.491,0.503,56.3114311914,56.30809219139999,0.38144442
600831,广电网络,3.4,2.719,1.60047,-1.613,6.82,24.172197728,24.172197728,0.38140019
000952,广济药业,6.17,1.983,1.80687,-5.313,3.404,21.2247962363,21.2244628095,0.38130572
002200,交投生态,6.84,-0.437,2.8824,-56.482,2.304,30.8569897404,13.387656348000002,0.38091891
002206,海 利 得,5.44,1.115,0.66483,12.089,1.533,63.214280767999995,57.4992216384,0.38072178
603376,大明电子,26.17,1.908,4.57994,38.485,5.972,104.6802617,8.37460936,0.38055364
000532,华金资本,10.87,1.779,1.02695,22.928,2.31,37.469796558,37.3438573902,0.37992367
002059,云南旅游,4.53,2.027,0.85892,-13.913,4.335,45.8632970289,44.5319864274,0.37989581
000809,和展能源,3.44,2.381,1.35231,-43.0,1.068,28.3728204792,28.3728204792,0.37890351
001308,康冠科技,18.9,-1.305,0.40959,26.25,1.649,133.073253999,92.087729874,0.37849228
002887,绿茵生态,10.83,1.69,1.62385,27.075,1.391,33.1384802562,23.526151306200003,0.37841338
002959,小熊电器,34.88,2.197,0.77607,13.961,1.769,54.354740147200005,48.760283232,0.37803995
603949,雪龙集团,14.49,1.827,1.25192,33.698,2.763,30.5357486994,30.458744202600002,0.37725805
000498,山东路桥,5.01,1.212,0.51872,4.314,0.466,77.7773454024,72.6123237279,0.37599026
600159,大龙地产,2.53,3.265,1.80607,-8.273,1.441,20.9990817696,20.9990817696,0.37530953
600579,中化装备,7.34,0.824,1.04368,-30.583,2.387,36.2302957106,36.2302957106,0.37520278
002877,智能自控,7.33,1.947,2.14136,111.061,2.15,26.083342843500002,17.6297239916,0.37501925
600653,申华控股,1.71,3.012,1.14085,-18.587,5.32,33.2831034207,33.2831034207,0.37496713
603600,永艺股份,9.75,2.308,1.17192,13.929,1.372,32.217234075,32.217234075,0.37449482
600284,浦东建设,5.17,0.78,0.74811,14.203,0.629,50.1622352,50.1622352,0.37449313
001233,海安集团,45.34,1.138,2.19889,11.626,1.788,84.32030963560001,17.0991317818,0.37420377
002658,雪迪龙,7.4,2.069,1.41857,30.833,1.75,47.046308376,26.533550926000004,0.3741825
002798,帝欧水华,5.57,-0.536,1.30676,-4.386,1.89,32.7245695141,28.782929103199997,0.37372016
603585,苏利股份,10.35,2.273,1.33657,9.764,1.09,28.4993264385,28.0273871385,0.37328596
603069,海汽集团,13.4,1.901,0.88633,-70.526,5.481,42.344,42.344,0.37311815
600128,苏豪弘业,8.27,3.764,1.84554,42.28,0.964,20.81548249,20.40767225,0.37302486
600051,宁波联合,6.24,2.632,1.93493,23.111,0.567,19.398912,19.398912,0.37179327
601798,蓝科高新,7.67,1.321,1.37388,54.786,2.101,27.1923127866,27.1923127866,0.37119375
000501,武商集团,7.27,2.394,0.66875,30.292,0.507,55.905771543700006,55.8549658757,0.37026313
000665,湖北广电,4.0,1.266,0.81775,-4.167,1.425,45.4859798,45.484791200000004,0.36964524
600780,通宝能源,6.03,0.668,0.53503,10.667,0.807,69.1341021369,69.1341021369,0.36907985
001285,瑞立科密,42.31,1.487,2.0959,18.639,1.969,76.2333896504,17.557283387000002,0.36880207
603128,华贸物流,5.3,0.952,0.53132,14.324,1.099,69.379464182,69.379464182,0.3686569
600493,凤竹纺织,6.13,3.547,2.24889,106.055,1.495,16.6736,16.6736,0.36861226
001202,炬申股份,13.53,3.917,2.36653,30.75,2.627,22.553307183,15.806281111499999,0.36816915
603348,文灿股份,14.48,1.828,0.81348,-13.045,1.17,45.5362974016,45.5362974016,0.36737678
605003,众望布艺,21.09,1.394,1.58122,31.955,1.578,23.199,23.199,0.36652386
603023,威帝股份,3.99,4.178,1.67069,570.0,2.892,22.2688845393,22.2688845393,0.36593692
603035,常熟汽饰,11.14,1.365,0.89986,11.851,0.758,40.811064712,40.811064712,0.36551173
000607,华媒控股,3.65,1.671,1.13985,-10.429,3.125,37.145991965,32.303720706,0.36535309
600558,大西洋,4.82,1.261,0.84713,23.744,1.744,43.2645528542,43.2645528542,0.36522963
000409,云鼎科技,8.83,0.914,0.70198,71.152,3.645,59.8376786615,52.138848372199995,0.36487447
002574,明牌珠宝,4.7,3.07,1.48571,-6.912,0.913,24.816,24.816,0.36486231
603238,诺邦股份,12.35,3.782,1.68177,18.712,1.466,21.922361499999997,21.922361499999997,0.3642215
605365,立达信,13.86,0.508,0.5254,33.317,1.83,69.5789846136,69.5789846136,0.3637267
603578,三星新材,12.01,0.755,1.68926,-12.777,1.983,28.1106737364,21.6608795432,0.36354865
002871,伟隆股份,16.5,-0.662,1.48526,27.966,3.547,41.555884425,24.628992795000002,0.3631489
002014,永新股份,10.94,-0.273,0.54742,15.194,2.61,67.0066101404,65.9347600302,0.36261776
002375,亚厦股份,3.57,2.292,0.77051,14.28,0.575,47.8378749786,47.5165736577,0.36235718
603076,乐惠国际,20.65,2.532,1.46568,93.864,1.929,24.924827536,24.924827536,0.36217977
001367,海森药业,19.15,2.571,1.55635,21.044,1.912,29.1752548,23.293493543,0.36175927
001368,通达创智,22.03,3.719,1.54052,25.322,1.759,24.9203721292,23.8101559597,0.36171929
002040,南 京 港,8.19,1.361,0.91158,21.519,1.147,39.8095789455,39.8095789455,0.3612227
002159,三特索道,13.49,2.742,1.94616,16.654,1.616,23.9179487425,18.6799487487,0.36121151
605183,确成股份,14.93,4.114,0.59057,12.339,1.637,61.9870316665,61.5757161385,0.36057377
605166,聚合顺,8.84,1.961,1.29932,19.217,1.4,27.822483478400002,27.822483478400002,0.36041942
000055,方大集团,3.51,2.933,1.53489,-7.313,0.674,37.6929853677,23.7224904579,0.36036893
603351,威尔药业,26.67,3.533,0.99659,24.027,1.969,36.1216165044,36.1216165044,0.35954814
601005,重庆钢铁,1.2,0.0,0.35938,-3.871,0.84,115.312074288,99.763638804,0.35915552
002476,新叶股份,4.64,2.655,1.27854,90.625,2.947,28.3968,28.3968,0.35878586
000068,华控赛格,2.93,2.448,1.22393,-28.227,5.039,29.4954738952,29.4954738952,0.35877212
600798,宁波海运,3.25,1.246,0.91652,143.172,0.993,39.212361532500005,39.212361532500005,0.35840336
000096,广聚能源,7.87,1.287,0.89232,36.201,1.508,41.5536,40.2037376,0.35785472
002641,公元股份,3.92,1.554,0.80755,78.4,0.886,48.180479743199996,44.4525903976,0.3574569
605158,华达新材,7.15,4.38,0.98459,55.0,1.509,36.56653,36.56653,0.35698222
600052,东望时代,3.84,1.857,1.10849,-6.982,1.501,32.4170780544,32.4170780544,0.35683924
603111,康尼机电,5.87,1.733,0.72906,14.317,1.23,50.6012004464,49.1668380052,0.35660661
600167,联美控股,5.84,1.038,0.27059,18.936,1.104,132.1498830392,132.1498830392,0.35641029
002817,黄山胶囊,6.58,3.785,1.89376,29.909,2.014,19.680659586,19.084585610999998,0.35595806
001356,富岭股份,8.83,2.436,1.91822,55.188,2.555,52.036955999999996,18.69280095,0.35560362
603098,森特股份,10.29,1.081,0.64347,54.158,1.943,55.5166057362,55.442517736199996,0.35551487
600774,汉商集团,7.17,3.463,1.69373,-12.099,1.429,21.1538232234,21.1429086909,0.35548838
600819,耀皮玻璃,5.46,2.056,0.82989,39.0,1.377,53.330936185800006,43.0934360766,0.35542314
603677,奇精机械,13.93,4.658,1.35436,55.631,2.304,26.8293004945,26.8293004945,0.35539475
605555,德昌股份,12.23,1.074,0.60328,35.971,1.977,59.201643591999996,59.201643591999996,0.35503408
002868,绿康生化,23.44,1.957,1.41792,-26.044,51.347,36.4294721928,25.1823470024,0.35451672
600512,腾达建设,2.02,1.508,1.10682,101.0,0.518,32.0655842926,32.0655842926,0.35409683
600748,上实发展,3.87,2.111,0.49862,-11.382,0.691,71.38458392039999,71.38458392039999,0.35294812
003012,东鹏控股,4.74,2.155,0.65843,15.29,0.725,54.8409068892,53.7794381622,0.35248467
002513,蓝丰生化,5.25,3.143,2.35153,-10.341,49.203,19.718683845,15.174668354999998,0.35245083
600814,杭州解百,6.71,2.443,0.71752,21.645,1.289,49.3237739258,49.3237739258,0.35220782
603329,上海雅仕,10.3,3.726,1.67553,57.222,1.747,25.755271025,21.257454459,0.35194409
002811,郑中设计,10.56,2.824,1.19446,19.925,2.24,32.521632528,29.8411827648,0.35114485
002590,万安科技,9.6,0.84,0.74269,23.415,1.616,49.829037792,47.515859039999995,0.35071184
603117,万林物流,3.76,3.581,1.57732,145.174,2.197,22.5298350992,22.5298350992,0.35059171
603075,热威股份,19.31,1.685,4.30697,23.84,3.47,77.7036135969,8.1876135969,0.35049828
001325,元创股份,36.23,2.085,4.9733,13.519,1.556,28.404320000000002,7.1010800000000005,0.35015256
603587,地素时尚,11.77,3.427,0.63393,21.018,1.49,55.6371180299,55.6371180299,0.34944208
002869,金溢科技,16.09,1.642,1.38867,-21.453,1.412,28.465622051900002,25.3445181236,0.34852586
001268,联合精密,19.56,0.051,1.90338,39.918,2.895,29.477441665199997,18.4524378852,0.34848515
002363,隆基机械,6.52,2.355,1.29497,40.75,1.246,27.1815736252,27.1074324884,0.34824091
603273,天元智能,14.36,3.309,4.35653,119.667,3.487,30.93623624,8.049986239999999,0.34709417
601366,利群股份,3.57,2.586,1.02199,-9.395,0.784,34.2627577341,34.2627577341,0.34702242
600715,文投控股,1.63,2.516,0.74924,-163.0,6.121,66.17561205,46.6566675283,0.34661691
000726,鲁 泰Ａ,5.99,1.525,0.9831,8.205,0.5,48.9697838593,35.298402115,0.34645474
000058,深 赛 格,6.77,1.499,0.52181,120.035,4.091,83.35228549440001,66.6668542658,0.34583444
000707,双环科技,4.6,3.371,1.37936,-26.62,0.973,26.896990878,25.332365094,0.34582775
601158,重庆水务,4.2,1.942,0.17232,24.706,1.152,201.601264998,201.601264998,0.34548224
000635,英 力 特,6.55,2.504,1.44379,-4.043,2.341,25.8157523065,24.026697948000002,0.34509514
600235,民丰特纸,5.68,4.22,1.74503,113.6,1.322,19.95384,19.95384,0.34485223
603126,中材节能,6.08,2.013,0.93356,270.222,1.809,37.1184,37.1184,0.34477
001872,招商港口,21.85,0.877,0.06863,11.785,0.827,542.3494002724999,503.0422488175,0.34428869
603113,金能科技,4.61,2.444,0.88327,177.308,0.537,39.1154173976,39.1154173976,0.34359851
000430,张家界,6.58,1.858,1.42348,-9.676,2.931,53.2740074776,24.3826167788,0.34314992
600955,维远股份,12.85,1.101,0.4852,-7.099,0.921,70.675,70.675,0.3428297
603116,红蜻蜓,6.04,-1.468,0.99156,-24.16,1.376,34.80252832,34.80252832,0.34269622
600218,全柴动力,7.67,1.859,1.03046,51.133,1.021,33.4105137873,33.4105137873,0.34218306
600738,丽尚国潮,4.02,2.813,1.12951,18.273,1.417,30.605676487200004,30.5787810792,0.34212727
600731,湖南海利,5.86,2.269,1.08526,13.336,1.008,32.4557515776,31.742604169,0.34193664
603215,比依股份,14.85,0.815,1.22626,33.75,2.593,31.867369082999996,27.80341443,0.34098456
003042,中农联合,13.39,2.605,2.08942,-13.948,1.559,19.078072,16.5100032305,0.34097546
603059,倍加洁,25.33,2.717,1.34543,22.219,2.28,25.48646341,25.44365571,0.34052781
600825,新华传媒,5.08,1.195,0.64435,127.0,2.126,53.080302780000004,53.080302780000004,0.34008289
600336,澳柯玛,6.36,0.633,0.6702,-23.556,2.242,50.7537393084,50.7537393084,0.33957114
605567,春雪食品,9.11,3.641,1.88778,45.55,1.64,18.22,18.22,0.33956115
603768,常青股份,11.34,1.07,1.26357,-13.186,1.232,26.984194183800003,26.984194183800003,0.33906567
600215,派斯林,6.37,1.111,1.18081,-8.479,1.187,29.103439456,29.103439456,0.3389407
601065,江盐集团,6.93,1.316,0.76034,17.769,0.989,44.544382274700006,44.544382274700006,0.3386888
002295,精艺股份,8.97,3.222,1.5329,-42.714,1.731,22.4802552,22.4633019,0.3386819
002469,三维化学,5.86,1.913,0.92363,20.207,1.434,38.023350118,36.8585157846,0.33823226
603759,海天股份,7.51,4.017,0.98863,19.763,1.186,34.678176,34.678176,0.33794348
003017,大洋生物,22.14,2.453,1.83859,18.063,1.912,22.317120000000003,18.4827119976,0.33717258
001228,永泰运,28.38,3.539,1.49566,27.553,1.708,29.4767760342,22.6655760342,0.33698987
000553,安道麦A,5.48,0.921,0.28302,-12.21,0.713,127.67368477680002,119.30354346280001,0.33633254
603291,联合水务,9.26,1.647,0.87125,38.664,2.146,39.1902279304,39.1902279304,0.33631265
002672,东江环保,3.68,4.545,1.02491,-3.315,1.825,40.673413513599996,33.308353513600004,0.33562051
002836,新宏泽,10.08,3.918,1.45775,53.053,5.847,23.224320000000002,23.224320000000002,0.33453835
603886,元祖股份,10.84,2.264,1.29163,18.69,1.755,26.016,26.016,0.33340458
002799,环球印务,6.75,3.053,1.55955,-96.429,1.7,21.6027,21.602322,0.33329652
600195,中牧股份,6.67,1.677,0.49123,39.75,1.197,68.110588942,68.110588942,0.33305492
000869,张 裕Ａ,17.58,0.228,0.41326,159.818,1.102,115.54281450239999,79.987698201,0.33228409
600853,龙建股份,3.27,2.187,1.00936,8.605,0.929,33.147960079499995,33.147960079499995,0.33223088
603811,诚意药业,7.48,0.673,0.96792,12.262,2.363,34.2753083904,34.2753083904,0.33187454
600168,武汉控股,4.34,2.358,0.77322,54.25,0.796,43.1134544946,43.1134544946,0.33125182
002535,林州重机,2.52,4.132,1.79508,-42.568,3.395,20.2024134648,18.806722452,0.33069445
600455,博通股份,24.52,3.155,2.1973,34.487,4.476,15.314701600000001,15.314701600000001,0.33030338
603192,汇得科技,22.0,0.182,1.07907,37.931,1.675,36.78254382,30.669422739999998,0.32978905
603365,水星家纺,17.98,1.697,0.70209,11.38,1.457,47.19683474,46.95183926,0.329639
600822,上海物贸,8.39,2.819,0.99342,139.833,3.353,41.6121274846,33.2368094812,0.32833147
002830,名雕股份,13.83,2.902,2.60298,41.909,3.761,25.7094168,12.83901135,0.32824261
000557,西部创业,3.72,1.639,0.60533,18.544,0.849,54.251540142,54.2344825656,0.32729511
000931,中 关 村,4.21,1.691,1.03424,66.195,1.958,31.706645942199998,31.6183432972,0.32712919
002105,信隆健康,5.67,3.279,1.59934,-32.549,2.6,20.765918565,20.665504282500002,0.32670264
001259,利仁科技,47.02,-0.487,1.47252,367.057,4.762,34.601495137600004,22.3554234298,0.32653909
600097,开创国际,8.58,3.373,1.59378,27.677,0.918,20.6723567622,20.6723567622,0.32650645
002401,中远海科,12.39,0.568,0.71212,141.438,2.772,46.049719716,46.010206767,0.32648145
000544,中原环保,7.45,1.223,0.45153,7.033,0.772,72.613994356,72.613994356,0.32623626
600742,富维股份,7.64,1.326,0.57581,12.206,0.666,56.769622031999994,56.769622031999994,0.32598687
002404,嘉欣丝绸,5.98,1.701,1.19864,18.688,1.617,33.4910821518,27.2997818418,0.32590984
002403,爱仕达,9.65,0.521,1.1448,-15.078,2.377,32.8716228735,28.676080310999996,0.32587077
601008,连云港,4.38,2.098,0.60265,31.286,1.285,54.3399446628,54.3399446628,0.3255441
601368,绿城水务,4.53,2.721,0.81864,42.022,0.827,39.998680388100006,39.998680388100006,0.32492477
002133,广宇集团,2.7,3.846,1.58206,54.326,0.721,20.901892725,20.786495427,0.32487069
605500,森林包装,7.02,2.482,1.11762,46.8,1.127,29.09088,29.09088,0.32486602
001332,锡装股份,31.54,0.191,1.53745,15.311,1.835,48.7879644,21.196425775399998,0.32440265
603332,苏州龙杰,11.35,3.182,1.3341,31.528,1.859,24.555405384,24.555405384,0.32404565
603194,中力股份,34.36,0.733,0.59742,16.056,2.497,137.7836,54.29804730680001,0.32351096
002678,珠江钢琴,4.65,4.027,0.52133,-16.607,2.075,63.1618950195,63.127211832,0.32341101
600861,北京人力,13.39,1.133,0.42597,6.48,1.001,75.8024929402,75.8024929402,0.32320668
603073,彩蝶实业,16.79,4.351,3.84199,27.983,1.404,19.4764,8.544909179200001,0.32135812
000913,钱江摩托,11.56,0.697,0.53279,6.19,1.142,60.853111600000005,60.12386923,0.32028638
600708,光明地产,3.18,-0.313,0.45029,-1.94,1.188,70.8706484274,70.76383311779999,0.32014359
600212,绿能慧充,5.51,1.473,1.09911,229.583,6.724,38.7986767363,29.2680297363,0.31946367
600724,宁波富达,5.17,1.572,0.42923,40.741,2.644,74.7189633707,74.7035357288,0.31926698
600469,风神股份,5.5,2.421,0.80042,17.188,1.048,48.95191466,40.119797905000006,0.319093
002496,辉丰股份,2.03,2.01,1.33319,-14.276,2.746,30.6040704431,23.97934455,0.31874799
600794,保税科技,3.16,1.935,0.84244,-39.5,1.517,37.9248081612,37.9248081612,0.31819308
002633,申科股份,15.06,2.24,1.42997,437.791,5.253,22.59,22.509946762800002,0.31814904
603018,华设集团,5.33,1.524,0.72968,13.0,0.805,43.660573849100004,43.660573849100004,0.3174002
002098,浔兴股份,6.9,2.832,1.28779,12.0,1.624,24.702,24.702,0.31687468
603628,清源股份,9.66,2.006,1.21397,46.0,2.009,26.3369392818,26.2919768118,0.3168468
603722,阿科力,31.36,0.224,1.05716,-82.526,3.455,30.645029945599997,30.0115579456,0.3161913
605399,晨光新材,10.92,1.581,0.93618,-36.4,1.651,34.0017463968,33.9660379968,0.31537811
000652,泰达股份,3.51,1.739,0.61891,-18.083,0.944,51.2226221013,51.183608697000004,0.31525753
603877,太平鸟,12.91,2.136,0.52243,34.892,1.383,60.6647100673,60.589671595999995,0.31501259
600551,时代出版,6.94,1.166,0.67038,11.484,0.788,47.0570335866,47.0570335866,0.31495158
603071,物产环能,12.07,1.429,0.46889,10.588,1.131,67.3451011494,67.3451011494,0.31489532
002644,佛慈制药,8.07,0.373,0.76504,83.714,2.233,41.2100199,41.2100199,0.31431209
000679,大连友谊,6.08,3.051,1.46605,-22.519,14.983,21.66912,21.66912,0.31416894
605155,西大门,14.46,-1.297,1.15676,24.1,2.01,27.549101191200002,27.1021425912,0.31390946
603948,建业股份,21.4,3.482,0.91926,15.07,1.573,34.772681738,34.772681738,0.313061
601113,华鼎股份,3.48,2.053,0.81618,17.4,1.165,47.124497464799994,38.4244974648,0.3117011
001373,翔腾新材,27.78,1.982,2.69658,-55.054,2.262,19.0812174864,11.6566218996,0.31057867
603081,大丰实业,9.52,-1.449,0.76947,45.333,1.258,40.2219189848,40.2219189848,0.3099532
003016,欣贺股份,6.94,3.12,1.09265,161.772,1.083,29.184199872799997,28.5152692348,0.3086318
605300,佳禾食品,9.91,2.06,0.68829,141.571,1.561,45.0309009627,45.0309009627,0.30842012
603196,璞源材料,21.39,0.094,0.61729,281.818,4.493,89.55724341599999,50.6917935198,0.30838615
002983,芯瑞达,19.8,0.101,1.20488,35.357,3.173,44.04956094,25.608375935999998,0.30614048
605398,新炬网络,21.0,0.913,0.90175,210.0,3.289,34.17043959,34.17043959,0.3060364
002253,川大智胜,9.91,0.202,1.4735,-9.176,2.636,22.359546014499998,20.8059466928,0.30563068
000717,中南股份,2.26,1.345,0.56012,-4.749,0.819,54.778910334,54.772477809,0.30518394
603231,索宝蛋白,15.61,1.561,1.84066,15.768,1.476,29.8867662905,16.5881197902,0.30489275
002005,德豪润达,2.26,0.893,0.77753,115.306,11.907,39.604801790799996,39.5946182308,0.30440339
000906,浙商中拓,5.52,1.845,0.78987,21.231,0.791,39.1734074808,38.7084349728,0.30407338
600035,楚天高速,3.46,0.581,0.54573,10.176,0.612,55.7100101746,55.7100101746,0.30378717
605369,拱东医疗,17.74,2.307,0.77716,77.13,2.27,38.9930573446,38.9930573446,0.3025323
600533,栖霞建设,2.17,0.463,1.33129,-1.233,1.718,22.785,22.785,0.30228713
603033,三维股份,7.95,0.76,0.37666,-21.486,3.245,81.977502543,80.496215931,0.30167443
600148,长春一东,15.52,3.467,1.38938,192.079,4.563,21.963353039999998,21.963353039999998,0.30157136
002802,洪汇新材,11.73,4.545,1.7491,51.0,3.255,21.260142897,17.557840181099998,0.30155977
002661,克明食品,7.75,3.471,1.27042,25.833,1.097,25.098091505,23.9023485775,0.30151298
605009,豪悦护理,24.44,1.579,0.57468,22.63,1.508,52.5356015132,52.5356015132,0.3015047
603293,埃泰克,37.09,-0.188,2.31115,0.0,4.272,66.4247250522,13.0172959299,0.30122467
002395,双象股份,12.5,1.792,0.9034,16.591,2.159,33.526125,33.5232195,0.30114951
600604,市北高新,4.46,0.45,0.48013,-26.235,1.389,83.5493942584,62.7724842584,0.30113631
603095,越剑智能,13.21,1.226,0.88804,40.03,1.46,34.11736132,34.11736132,0.30106803
603066,音飞储存,9.18,2.113,1.12146,83.455,1.77,27.0057307932,27.0057307932,0.3004047
603235,天新药业,24.57,3.758,0.28142,18.2,2.124,107.562546,107.562546,0.30036187
003003,天元股份,10.97,3.005,2.3336,33.242,1.472,19.386184,12.9222568525,0.29774927
000856,冀东装备,8.04,2.551,1.64938,69.913,4.363,18.2508,18.2508,0.29773879
600444,国机通用,13.76,2.381,1.48024,34.538,2.64,20.1476578432,20.1476578432,0.2961928
603615,茶花股份,16.29,0.185,0.75726,626.538,3.427,39.392478000000004,39.392478000000004,0.29614645
600358,国旅联合,5.41,3.839,1.09643,-72.813,130.048,62.9267076269,27.317073306,0.29589679
002116,中国海诚,7.15,2.289,0.7537,9.662,1.419,39.965129346999994,39.478936926,0.29588319
000521,长虹美菱,5.0,1.833,0.67963,12.513,0.843,51.496185749999995,43.761491,0.29550985
600826,兰生股份,8.14,1.623,0.50615,18.089,1.359,58.9485424352,58.9485424352,0.29507547
603665,康隆达,22.83,1.693,0.81155,46.592,5.51,36.5662875081,36.5662875081,0.29430258
603409,汇通控股,17.91,1.935,3.06934,14.68,2.167,33.6310206363,9.649551949200001,0.29415868
603182,嘉华股份,12.85,4.642,1.3997,22.155,1.867,21.144675,21.144675,0.29304713
600802,福建水泥,4.55,3.881,1.42043,-16.426,2.279,20.850302199999998,20.850302199999998,0.29297608
600202,哈空调,4.98,3.106,1.54807,260.733,2.355,19.0903654656,19.0903654656,0.29244597
000868,安凯客车,3.65,1.955,0.85463,-60.833,4.272,34.292287827500004,34.2893552715,0.291021
600278,东方创业,6.38,1.592,0.53145,27.739,0.726,54.901090316600005,54.901090316600005,0.29078348
600448,华纺股份,2.86,4.0,1.63799,-6.912,1.975,18.012842333200002,18.012842333200002,0.2905272
603029,天鹅股份,15.58,3.936,1.56046,25.129,1.97,18.9050836,18.9050836,0.29051221
600626,申达股份,3.53,2.616,0.62637,1138.71,1.454,46.622286745100006,46.622286745100006,0.29003218
000401,金隅冀东,3.64,1.676,0.30363,44.39,0.368,96.68375036319999,95.7813106432,0.28980122
603999,读者传媒,5.64,2.174,0.89839,37.6,1.565,32.4864,32.4864,0.28940498
001379,腾达科技,15.93,1.336,2.70196,44.25,2.111,31.86,10.7205196275,0.28857364
603013,亚普股份,16.98,1.373,0.33623,16.485,1.862,86.2956819672,86.2956819672,0.2883862
002282,博深股份,5.95,1.884,0.96466,20.517,0.862,31.346881705999998,30.048400711,0.28834922
002205,国统股份,10.62,3.207,1.4754,-21.861,7.692,19.736550813599997,19.736550813599997,0.28753214
601999,出版传媒,6.1,2.694,0.85989,32.105,1.252,33.6057967,33.6057967,0.28663939
603982,泉峰汽车,6.09,3.571,1.39748,-6.178,1.048,22.2363557955,20.6788110732,0.28640156
605122,四方新材,11.29,3.768,1.48939,-6.238,1.119,19.4587666,19.4587666,0.28638871
605001,威奥股份,5.66,3.663,1.30547,25.727,0.813,22.2373476,22.2373476,0.28635712
603609,禾丰股份,6.42,3.716,0.49775,107.0,0.909,58.0378742586,58.0378742586,0.28629757
600217,中再资环,3.2,2.236,0.545,-9.073,1.862,53.044917536,53.044917536,0.286094
605268,王力安防,9.32,2.983,0.70239,32.138,2.381,41.059259999999995,41.059259999999995,0.28578165
601518,吉林高速,2.8,1.449,0.53823,10.769,0.908,52.935488731999996,52.935488731999996,0.28327103
000030,富奥股份,4.28,0.469,0.3958,10.439,0.862,73.607904166,71.514779796,0.28318609
605086,龙高股份,24.27,1.676,0.65953,35.691,2.669,43.49184,43.49184,0.28267137
601022,宁波远洋,8.14,1.118,0.26589,16.28,1.697,106.52275338759999,106.52275338759999,0.28248783
000663,永安林业,5.58,3.717,1.66888,-19.929,2.064,18.786963238200002,17.0916067368,0.2819556
603037,凯众股份,10.4,1.662,1.02332,37.143,2.79,27.719951792,27.679591472,0.28187474
600697,欧亚集团,10.73,3.372,1.70535,-32.955,0.763,17.070150447499998,16.6718464095,0.28178036
002732,燕塘乳业,13.89,4.123,1.30472,37.541,1.449,21.855915,21.7470411519,0.28176974
002790,瑞尔特,5.87,3.163,1.85689,146.75,1.187,24.52910401,15.30294325,0.28172997
603967,中创物流,11.61,1.842,0.70327,15.48,1.622,40.248005031000005,40.248005031000005,0.28167362
603868,飞科电器,31.15,0.581,0.20599,26.398,3.86,135.6894,135.6894,0.27989657
603136,天目湖,9.1,2.132,1.14182,26.0,1.779,24.581530609999998,24.581530609999998,0.27948136
000637,茂化实华,3.9,2.902,1.98118,-14.444,4.236,20.275138884,14.218982895,0.27868167
601512,中新集团,7.94,1.146,0.23389,11.343,0.772,119.011866,119.011866,0.27846355
603836,海程邦达,8.9,1.714,1.12637,68.462,1.464,25.472630548,24.824710548,0.27826237
001238,浙江正特,25.8,2.178,0.74364,78.182,3.432,40.028184,37.44453846,0.27820939
600308,华泰股份,3.27,2.83,0.56594,-81.75,0.548,49.601654755199995,49.601654755199995,0.27788677
000020,深华发Ａ,11.11,1.74,1.38498,88.738,7.08,31.4592123197,20.1274749401,0.2769401
603569,长久物流,5.95,3.839,0.7815,-42.5,1.354,35.908681434500004,35.908681434500004,0.27692993
605577,龙版传媒,9.75,2.632,0.64156,19.338,1.076,43.3333333875,43.3333333875,0.27678514
603898,好莱客,10.9,0.184,0.8527,218.0,1.067,32.725013538,32.725013538,0.27668237
001277,速达股份,29.19,3.291,2.10079,25.605,1.412,22.1844,13.2958958391,0.27632446
002072,凯瑞德,7.29,1.391,1.04279,-120.896,11.599,26.803872,26.79306822,0.27628918
600137,浪莎股份,17.97,2.921,1.59035,54.127,3.102,17.4700005636,17.4700005636,0.27477421
603214,爱婴室,13.84,3.284,1.44556,23.537,1.613,19.1739409824,19.1739409824,0.27451195
603611,诺力股份,17.32,1.227,0.6176,10.371,1.377,44.6164570012,44.6164570012,0.27439639
000619,海螺新材,4.81,3.664,1.60044,-24.794,0.855,21.2202207711,17.316,0.27397916
001299,美能能源,10.04,2.136,0.96603,23.349,2.54,31.5472047748,28.400677710399997,0.27354103
000605,渤海股份,6.01,4.159,1.30774,248.347,0.988,21.19478186,21.19478186,0.27336045
600860,京城股份,8.41,1.816,0.73628,-84.1,5.578,46.0435715908,37.3438302708,0.27329635
601956,东贝集团,4.97,2.263,0.89093,40.538,1.253,30.894344523,30.894344523,0.27311876
603895,天永智能,24.54,-0.567,1.03377,144.353,12.923,26.522832,26.522832,0.27296077
605378,野马电池,14.33,2.138,0.73639,57.32,3.009,37.45093912,37.45093912,0.27287006
002909,集泰股份,5.15,3.0,1.40596,-71.528,2.362,20.085,19.590435818,0.2726406
002337,赛象科技,4.65,1.751,1.00208,58.125,2.052,27.370632375,27.341838737999996,0.27226558
001380,华纬科技,16.66,1.958,0.70608,16.333,2.295,45.124311052799996,38.773212009,0.27105243
600935,华塑股份,2.32,1.31,0.33412,-58.0,1.404,83.3979228992,81.3717220384,0.27038551
000631,顺发恒能,2.96,0.339,0.39805,98.667,1.236,68.080002516,68.080002516,0.27038405
603255,鼎际得,27.96,2.305,1.59785,349.5,2.375,37.6318300932,16.964799340800003,0.27029413
603275,众辰科技,36.56,0.219,1.78327,30.215,1.803,54.390988725599996,15.1855480728,0.27007833
002857,三晖电气,16.57,1.781,1.27145,-51.781,4.641,21.6460538,21.306559354999997,0.26931507
600960,渤海汽车,4.04,1.253,0.70435,22.942,1.09,38.4008269272,38.4008269272,0.26816571
605368,蓝天燃气,6.72,1.511,0.55857,17.231,1.446,48.023533488,48.023533488,0.2681216
002573,清新环境,3.26,1.875,0.58519,-10.962,0.84,46.137706775400005,46.063903635399996,0.26775406
603266,天龙股份,15.99,0.883,0.84762,30.17,1.96,31.801991325,31.801991325,0.26770138
600894,广日股份,7.92,1.02,0.40123,9.737,0.754,67.0987333368,66.777040044,0.26767724
605298,必得科技,48.26,1.365,0.30206,155.677,8.47,90.65641,89.8847326,0.26742069
002492,恒基达鑫,5.67,2.532,1.19744,-35.683,1.415,22.9635,22.5572289075,0.26720877
001366,播恩集团,11.88,2.768,1.40945,-99.0,2.372,19.088784,19.088784,0.2659159
002543,万和电气,6.7,2.29,0.60314,23.103,1.031,49.8212,44.328412767,0.26578413
002381,双箭股份,5.53,3.752,1.5079,34.563,1.054,22.760258976,17.80806545,0.26536317
605005,合兴股份,15.61,1.495,0.42217,30.019,2.942,62.5961,62.5961,0.26531995
600071,凤凰光学,15.73,0.963,0.60362,131.083,8.695,44.2915727397,44.2915727397,0.26518346
000529,广弘控股,4.87,3.178,0.96129,23.19,0.883,28.430589071,27.7533691599,0.26495057
600883,博闻科技,7.69,3.083,1.47559,75.689,1.848,18.155167199999998,18.155167199999998,0.26484694
600854,春兰股份,4.53,2.955,1.13441,18.437,0.949,23.5314717714,23.5314717714,0.26475378
603060,国检集团,5.55,1.648,0.59664,37.374,2.209,44.620005052500005,44.620005052500005,0.26462095
001279,强邦新材,25.36,2.135,2.62738,75.815,3.984,40.576,10.144,0.264555
603109,神驰机电,17.35,1.879,0.73508,24.29,1.838,36.23519046,36.23519046,0.2644856
603709,中源家居,11.53,4.061,1.41957,-50.13,3.699,18.8210023027,18.7526284803,0.26251409
600279,重庆港,4.33,1.882,0.51364,108.25,0.762,51.3913100539,51.3913100539,0.26233052
603839,安正时尚,7.04,4.762,0.97431,-14.367,1.62,27.24594048,27.24594048,0.26123658
601279,英利汽车,3.25,2.848,0.51139,-61.321,1.243,51.5380445125,51.5380445125,0.26114131
003037,三和管桩,5.84,2.456,0.74936,73.0,1.253,34.9859611952,34.9859611952,0.2607753
002561,徐家汇,6.78,2.727,0.93662,-180.8,1.3,28.1887314,28.0990026426,0.26075839
600616,金枫酒业,4.25,2.657,0.92202,1416.667,1.47,28.432710375,28.432710375,0.26048759
002679,福建金森,8.98,2.395,1.23673,224.5,2.843,21.1708888,21.1708888,0.25987208
001255,博菲电气,25.5,2.616,1.32759,134.211,2.461,22.18708692,19.703284919999998,0.25979546
603022,新通联,8.72,3.318,1.50489,29.067,2.042,17.44,17.44,0.259327
605180,华生科技,12.49,2.714,1.24676,78.063,1.838,21.1081,21.1081,0.25866034
000548,湖南投资,4.5,3.687,1.1622,53.381,1.086,22.464711495,22.464711495,0.25815204
603167,渤海轮渡,8.76,0.69,0.62806,15.643,1.16,41.0970584628,41.0970584628,0.25744522
002778,中晟高科,15.43,2.389,1.364,26.153,5.999,19.24943419,19.045054582,0.2570991
000929,兰州黄河,8.97,0.673,1.55447,-18.176,4.778,16.6632102,16.6621538031,0.25678855
605066,天正电气,6.75,1.351,0.76122,37.5,1.894,33.9142359375,33.9142359375,0.25659674
000779,甘咨询,11.57,-9.961,0.47589,36.1,1.349,53.780767596400004,53.774236678499996,0.25590526
603579,荣泰健康,18.41,0.327,0.69151,22.181,1.292,37.0137402124,37.0137402124,0.25571572
001278,一彬科技,15.65,2.825,1.9388,-26.162,1.639,19.364277100000002,13.351152093999998,0.25555959
600386,北巴传媒,3.39,3.04,0.94638,-260.769,1.627,27.336959999999998,27.336959999999998,0.25541193
603321,梅轮电梯,6.3,3.11,1.19092,63.0,1.519,21.980036546999997,21.707561546999997,0.25535008
002855,捷荣技术,10.07,2.13,1.04099,-5.06,11.98,24.8144619774,24.795082262399998,0.25500643
603028,赛福天,6.97,2.5,1.30602,-43.563,4.308,20.006688,19.808042999999998,0.25499034
600117,西宁特钢,2.29,0.881,0.34323,-8.179,2.166,74.5421302253,74.5421302253,0.2547554
603418,友升股份,43.91,0.688,1.40635,14.029,1.832,84.7763537604,18.1632011292,0.25443015
002819,东方中科,20.56,-0.097,0.51926,-42.2,1.571,61.59983656,48.8796495216,0.25351504
001306,夏厦精密,53.22,1.159,3.09001,-197.111,2.608,33.490015500000005,8.2491,0.25319082
001213,中铁特货,3.57,1.42,0.16016,35.7,0.824,158.6666666508,158.6666666508,0.25303815
002949,华阳国际,10.65,2.305,1.582,23.047,1.423,20.883359859000002,16.180080234,0.25298265
002835,同为股份,12.44,1.468,1.61446,19.438,2.139,27.305045016399998,15.8345182256,0.25297867
605008,长鸿高科,11.66,0.778,0.33356,-1166.0,3.857,75.3192174724,75.3192174724,0.25287414
002656,摩登大道,2.98,2.055,1.24989,-47.302,5.147,21.2330913512,20.4618233664,0.25260876
603177,德创环保,9.35,3.315,1.3381,-62.333,5.912,19.091952,19.091952,0.25187918
002825,纳尔股份,8.58,1.538,1.15037,20.429,1.765,29.3385057966,22.0186063812,0.25181906
603639,海利尔,10.71,1.613,0.69149,19.833,1.066,37.4473260756,36.4009697856,0.25133919
001387,雪祺电气,12.05,2.816,1.80163,21.985,1.67,22.055163200000003,14.037596166999998,0.24998134
600720,中交设计,5.25,0.962,0.47233,8.279,0.753,120.4662671625,52.975112977500004,0.24985183
002322,理工能科,10.8,1.124,0.65969,17.705,1.39,39.47702076,37.951157232,0.24975398
603006,联明股份,11.24,2.089,0.88231,31.222,2.101,28.5781777,28.5781777,0.24959501
002801,微光股份,28.09,0.393,0.76855,17.667,3.159,64.5036288,32.52897843,0.24931663
600560,金自天正,11.17,1.823,1.00117,48.418,2.531,24.98120235,24.98120235,0.24885801
002238,天威视讯,6.14,1.993,0.5084,-25.509,2.526,49.277132424,49.277132424,0.24884017
605151,西上海,18.37,2.626,1.016,-367.4,1.795,24.717610581400002,24.717610581400002,0.24810652
603237,五芳斋,14.61,3.912,0.89861,23.19,1.768,28.6373131686,27.7307918886,0.24596174
601686,友发集团,5.24,1.354,0.31665,11.154,1.161,77.5177998824,77.5177998824,0.24421337
000755,山西高速,4.73,2.826,0.35475,14.916,1.232,69.4037722708,69.4037722708,0.24415584
002968,新大正,9.19,3.143,1.25885,21.881,1.669,20.7949282577,19.5757529902,0.24296988
603689,皖天然气,7.52,1.484,0.61939,11.394,1.048,39.541163544,39.363286968,0.24238985
000761,本钢板材,2.33,1.747,0.28084,-2.427,1.616,95.72548937660001,86.4054893766,0.24224988
603280,南方路机,25.97,2.244,0.86323,29.851,2.03,28.1532114199,28.1532114199,0.24169365
002853,皮阿诺,21.29,-1.98,0.86811,-101.381,4.378,38.942805329200006,27.401255113500003,0.2397014
603320,迪贝电气,16.75,1.025,0.96174,30.455,2.089,24.9819890025,24.9819890025,0.23942803
600561,江西长运,5.7,3.636,1.49039,95.0,1.78,16.2151776,16.2151776,0.23832766
001209,洪兴股份,17.22,3.423,1.45726,107.625,1.727,22.648212383999997,16.5474963192,0.23778529
603968,醋化股份,10.37,2.979,1.12808,-36.412,1.211,21.204576,21.204576,0.23737835
600876,凯盛新能,7.1,2.453,0.85293,-5.0,1.667,45.842922373,28.092922373000004,0.23701612
001239,永达股份,11.95,2.575,1.7514,60.323,2.113,28.68,13.623,0.23632894
603511,爱慕股份,12.45,4.622,0.47702,32.763,1.129,50.531351844,50.034970344,0.23468565
603107,上海汽配,12.18,1.5,0.88599,26.478,1.885,41.087403,26.5735929564,0.23461251
000910,大亚圣象,5.39,2.667,0.79953,269.5,0.45,29.50472525,29.4930559,0.2346014
002981,朝阳科技,23.29,-0.257,0.82774,43.13,3.044,31.804524723500002,28.317111797899997,0.23410968
002275,桂林三金,13.44,0.599,0.30587,18.162,2.376,78.96921984,75.902575392,0.23293755
600689,上海三毛,10.52,2.935,1.46113,175.333,4.461,21.144289283600003,16.0118758436,0.23242623
603173,福斯达,32.0,1.17,0.45688,12.03,2.464,51.2,51.2,0.23217459
603356,华菱精工,15.99,1.011,1.09637,-15.375,7.059,21.321066000000002,21.321066000000002,0.23166762
600099,林海股份,8.91,3.605,1.2034,79.554,3.543,19.523592,19.523592,0.23165047
000541,佛山照明,4.97,0.607,0.37813,35.525,1.11,76.328178031,60.711889343,0.2289886
001234,泰慕士,20.9,2.753,1.20686,47.5,2.404,22.6952264,19.120469500000002,0.22883526
603096,新经典,15.16,3.34,0.99097,30.363,1.241,23.3819689984,23.3819689984,0.22870104
600917,重庆燃气,4.86,0.83,0.30123,37.385,1.315,75.866532336,75.866532336,0.22813747
603276,恒兴新材,15.47,1.709,1.95195,53.345,1.787,32.1233771859,11.6763593492,0.22782693
000042,中洲控股,8.47,0.954,0.40475,-6.24,2.485,56.311197473300005,56.252846626899995,0.22771739
603860,中公高科,26.39,2.845,1.30099,38.809,2.093,17.596852,17.596852,0.22674696
001390,古麒绒材,18.0,2.157,1.06481,18.0,2.16,36.0,21.380264999999998,0.22636006
603706,东方环宇,19.51,1.88,0.61616,17.114,2.003,36.9485675014,36.9485675014,0.22599873
002942,新农股份,15.74,3.485,1.04912,25.387,1.918,24.472665328,21.8405222642,0.22583551
001336,楚环科技,18.11,2.606,1.96161,37.729,2.31,18.922333105,11.6444878693,0.2247021
001322,箭牌家居,6.16,1.818,0.46318,123.2,1.273,59.48174848,48.39369766,0.22304725
603357,设计总院,6.09,1.5,0.65413,9.227,0.855,34.137084107700005,34.137084107700005,0.22263181
603656,泰禾智能,17.78,1.023,0.68704,111.125,2.451,32.5276846524,32.5276846524,0.22256239
605138,盛泰集团,5.92,4.225,0.68497,118.4,1.311,32.889843456,32.889843456,0.22179632
600847,万里股份,12.58,3.199,1.16435,-35.943,4.024,19.28355492,19.28355492,0.22141644
603041,美思德,11.0,3.093,1.10354,35.484,1.318,20.14624612,20.14624612,0.22018707
000590,古汉医药,8.99,2.275,1.02729,-42.607,3.981,21.5284669033,21.5183315773,0.21959242
603326,我乐家居,6.76,3.681,1.01865,12.291,1.81,21.576360467999997,21.576360467999997,0.21773996
603755,日辰股份,23.52,3.658,0.94629,27.147,3.055,23.193937771199998,23.193937771199998,0.21739019
603551,奥普科技,9.53,2.253,0.59797,12.218,2.527,36.660351844999994,36.202911845,0.21637779
605177,东亚药业,17.27,2.982,1.11507,-23.986,1.192,19.812207035500002,19.627754627799998,0.21614589
600229,城市传媒,5.18,3.393,0.63654,-8.633,1.238,34.2246632112,34.2246632112,0.21603683
000972,中基健康,3.47,0.872,0.81029,-57.93,413.095,26.7635401913,26.7635401913,0.215487
600805,悦达投资,4.41,1.613,0.57698,102.558,0.879,37.5244471854,37.497143728800005,0.21524224
002753,永东股份,6.28,2.447,1.16273,60.618,1.014,26.921074295599997,18.5755431084,0.21455142
002529,海源复材,7.03,2.18,1.18396,-9.849,22.936,18.278,18.278,0.21452729
603091,众鑫股份,49.5,-0.881,0.97546,19.038,3.103,70.85148345,21.789042165,0.21305562
603408,建霖家居,10.51,1.644,0.45295,10.51,1.342,47.0399223,47.0399223,0.21263443
000985,大庆华科,15.42,3.629,1.07236,269.11,3.267,19.9904109,19.9904109,0.21250004
603070,万控智造,11.73,1.911,0.45561,52.767,2.175,47.0373,47.0373,0.21215188
603586,金麒麟,13.61,1.643,0.79897,19.443,1.187,26.682783358,26.682783358,0.21196097
603810,丰山集团,12.18,4.549,1.06443,50.75,1.303,20.1386774022,20.1386774022,0.21092906
603080,新疆火炬,19.23,1.854,0.77484,12.906,1.675,27.21045,27.21045,0.20926524
600261,阳光照明,3.08,1.987,0.51102,22.0,1.164,41.119631352800006,41.119631352800006,0.20881318
600716,凤凰股份,3.55,3.198,0.63113,-8.581,0.747,33.230150945,33.230150945,0.20798168
603312,西典新能,32.6,2.677,1.26906,20.123,2.829,52.159836999999996,16.599757,0.20782667
600319,亚星化学,6.23,2.299,0.86248,-15.575,7.154,24.1542946232,24.1542946232,0.20499689
603172,万丰股份,17.41,3.14,0.89279,48.361,2.088,23.221458,23.221458,0.20498039
600679,上海凤凰,9.6,2.236,0.62393,46.354,2.232,47.548250592,32.994648672,0.20493585
003008,开普检测,18.99,2.704,1.38103,22.341,1.848,19.7496,14.7596364396,0.20271422
603648,畅联股份,9.38,2.29,0.59737,27.596,1.795,33.994320640000005,33.994320640000005,0.20171764
600569,安阳钢铁,1.81,1.685,0.39084,-10.462,3.567,51.9908270866,51.9908270866,0.20135931
600182,S佳通,13.1,0.23,0.90482,22.598,3.856,44.54,22.27,0.20120013
600081,东风科技,10.03,1.007,0.36118,294.135,1.2,55.468524851,55.468524851,0.19966154
603955,大千生态,20.67,1.672,0.71625,-22.88,1.963,28.053324,28.053324,0.19929597
001319,铭科精技,19.62,1.658,1.61177,19.699,1.968,27.74268,12.451749615,0.19922542
001231,农心科技,20.16,4.186,1.96117,29.647,1.964,20.095414416,10.274127696,0.19875709
600548,深高速,8.4,0.599,0.13693,19.58,0.908,213.17991466799998,144.01178257200002,0.19674492
603370,华新精科,34.68,1.255,1.63722,30.69,3.082,60.67266,12.134532,0.19672295
603289,泰瑞机器,8.42,1.814,0.79934,27.161,1.661,24.7041009908,24.7041009908,0.19619196
605169,洪通燃气,10.18,2.312,0.68312,23.231,1.428,28.797184,28.797184,0.19556084
600817,宇通重工,9.46,1.393,0.38883,16.034,1.932,50.3335236316,50.089928631599996,0.19354878
603205,健尔康,21.87,0.506,2.13099,30.617,2.241,34.1172,9.041058,0.19277371
603515,欧普照明,17.06,1.007,0.15286,13.54,1.772,126.63292517939999,125.86024365940001,0.19246632
600287,苏豪时尚,4.78,3.688,0.92714,83.13,0.914,20.878852337199998,20.878852337199998,0.19094604
601811,新华文轩,12.03,1.348,0.20049,9.472,0.954,148.4310723,95.26603917,0.19032839
601968,宝钢包装,4.55,1.336,0.32651,30.333,1.276,58.047965430000005,58.047965430000005,0.18950102
603213,镇洋发展,13.86,-0.359,0.30324,81.529,3.214,61.662257811,61.662257811,0.18708483
600620,天宸股份,4.31,2.864,0.6225,143.667,2.075,29.595783570300004,29.595783570300004,0.18324555
603310,巍华新材,14.9,0.744,0.6337,30.408,1.265,51.455659999999995,28.907490000000003,0.18313582
000789,万年青,4.16,2.463,0.5547,110.053,0.514,33.172680944,33.172680944,0.18267545
001220,世盟股份,30.19,1.924,2.59937,15.02,1.784,27.862351,6.96558775,0.17980549
001335,信凯科技,31.9,1.884,2.20658,35.055,3.015,29.90291964,8.148545570000001,0.17812509
600897,厦门空港,14.77,0.957,0.28916,11.881,1.239,61.5811518,61.5811518,0.1779137
605339,南侨食品,13.4,2.446,0.30906,134.0,1.662,56.854942544000004,56.854942544000004,0.17545982
600983,惠而浦,7.82,1.295,0.29363,11.5,1.95,59.9355298,59.9355298,0.17493161
603153,上海建科,13.41,1.208,0.31963,14.736,1.414,54.9623743146,54.1469206629,0.17285567
603089,正裕工业,8.99,3.215,0.80475,19.978,1.313,24.7871588669,21.5789907932,0.17215302
603908,牧高笛,18.84,3.516,0.99348,-50.919,3.612,17.5451245392,17.5451245392,0.17198534
001333,光华股份,19.56,1.716,0.68875,21.733,1.41,25.0368,25.0368,0.1713725
002088,鲁阳节能,7.59,1.471,0.44112,94.875,1.527,38.6665101174,38.402715644699995,0.16887668
603230,内蒙新华,9.19,1.772,0.51468,18.755,1.148,32.4887637,32.4887637,0.16684583
603325,博隆技术,54.83,-0.128,0.88191,10.695,1.583,43.8661932,18.742648560000003,0.16562007
600939,重庆建工,2.65,1.533,0.32572,-4.206,0.719,50.415586016,50.415586016,0.16374626
603909,建发合诚,9.38,2.964,0.67452,22.392,2.065,24.451140532,24.451140532,0.16294377
605259,绿田机械,18.45,1.653,0.51136,12.993,1.689,31.82256,31.82256,0.16203901
600231,凌钢股份,1.71,1.786,0.32853,-3.054,1.38,49.1122838151,48.502155815100004,0.1587822
603350,安乃达,28.1,1.006,1.26771,28.384,2.398,32.734814,12.398984500000001,0.15668668
603855,华荣股份,16.51,0.121,0.27661,15.009,2.48,55.7230661,55.396415749999996,0.15344283
603176,汇通集团,4.69,2.851,0.70539,58.625,2.085,22.2886400632,21.6591951632,0.15078612
603307,扬州金泉,24.97,3.054,0.60206,15.414,1.705,24.648299005,24.258354999999998,0.14481486
603282,亚光股份,14.98,3.097,0.72022,20.806,1.522,20.046235999999997,20.046235999999997,0.14260271
003028,振邦智能,22.66,0.756,0.88834,44.431,1.866,32.65762599,16.019179957,0.1416788
603277,银都股份,10.67,1.716,0.21733,13.338,2.289,65.2698800655,65.0599008675,0.14116494
001226,拓山重工,41.82,0.553,0.98891,154.889,4.201,31.22561394,14.18802048,0.1401603
603208,江山欧派,11.2,3.512,0.7139,-10.09,1.943,19.698486864,19.698486864,0.13914232
001260,坤泰股份,17.29,3.347,0.69383,48.028,2.391,19.8835,19.8835,0.13608411
603535,嘉诚国际,6.47,2.05,0.4116,80.875,1.333,33.0564160157,33.0564160157,0.1351454
605089,味知香,20.28,0.845,0.47125,40.302,2.21,27.9864,27.9864,0.13171306
600648,外高桥,9.05,0.111,0.12618,12.397,0.771,123.07205572899998,102.9682475355,0.12997489
603385,惠达卫浴,5.43,3.626,0.63252,-10.86,0.588,20.6701077624,20.6701077624,0.12873484
603180,金牌家居,15.08,2.168,0.5487,107.714,0.862,23.261976712,23.261976712,0.12724351
603062,麦加芯彩,38.73,1.787,0.87432,19.561,1.988,41.8284,14.358411629999999,0.12493162
603848,好太太,13.44,1.281,0.22846,26.353,2.076,54.0834350784,54.0834350784,0.12318194
603053,成都燃气,8.95,1.016,0.15366,16.574,1.575,79.555655,79.555655,0.12220385
603813,原尚股份,31.72,-1.491,0.36309,-47.343,6.714,33.310758,33.310758,0.12115254
603788,宁波高发,14.12,0.284,0.37711,14.557,1.449,31.4967876016,31.4967876016,0.11879931
600834,申通地铁,7.35,0.823,0.3119,64.701,2.013,35.0875700175,35.0875700175,0.10921124
